,time,Pres31-DB1.AM_rpm_act,Pres31-DB2.AM_Arka_Vib,Pres31-DB2.AM_Arka_Balans,Pres31-DB2.AM_Arka_Eks_kac,Pres31-DB2.AM_Arka_Bosluk,Pres31-DB2.AM_Arka_Rulman,Pres31-DB2.AM_Arka_Acc,Pres31-DB2.AM_On_Vib,Pres31-DB2.AM_On_Balans,Pres31-DB2.AM_On_Eks_kac,Pres31-DB2.AM_On_Bosluk,Pres31-DB2.AM_On_Rulman,Pres31-DB2.AM_On_Acc,Pres31-DB2.AM_Govde_sic,Pres31-DB1.Yaglama_bas_act,Pres31-DB1.Yaglama_sic_act,Pres31-DB2.Hid_Pomp_Vib,Pres31-DB2.Hid_Pomp_Balans,Pres31-DB2.Hid_Pomp_Palet,Pres31-DB2.Hid_Pomp_Motor_Rulman,Pres31-DB2.Hid_Pomp_Acc,Pres31-DB2.Volan_Vib,Pres31-DB2.Volan_Balans,Pres31-DB2.Volan_Disli,Pres31-DB2.Volan_Rulman,Pres31-DB2.Volan_Acc,Pres31-DB2.Volan_Yatak_sic,feedback,prediction
1302,2022-11-08 14:30:00+00:00,1480.0,2.5976396363031173,0.26431186112506583,1.3518630298640084,3.308745156453278,0.6582608916657343,2.4495614133149073,1.1310706653728768,0.1656790051354877,0.42060605879703483,1.862495976190483,0.8825660215073912,5.197807217708354,29.54648173600435,35.519581823256026,23.516682156133587,0.801203380190636,0.596799585844648,0.16634126181097905,0.7015044695111042,1.3503318530998862,0.5134194554731454,0.16923324973994533,0.011471382938906741,0.00607762584018265,1.5738382587261142,33.650297537922796,0.0,1.0
1303,2022-11-08 15:00:00+00:00,1480.0,2.5238466659726093,0.24358145223711397,1.3766163654626318,3.202591618858421,0.7516783202694155,2.5237699499178166,1.1429201156491382,0.1813445255117447,0.4086419723396435,1.8921949933125908,0.888565368842669,5.22241671326051,29.399254588544085,35.53350090972936,23.599999999999124,0.7832483238267739,0.5902101149770546,0.16611366629969498,0.6971150602407692,1.3605443475166474,0.489654417523393,0.15331974168806234,0.017491620343885777,0.013327385249230767,1.4879643415640393,33.698714316624944,0.0,1.0
1304,2022-11-08 15:30:00+00:00,1480.0,2.4724666658057317,0.20158343503945925,1.58208124711264,3.437931159315566,0.7439275894172116,2.4001995257541893,1.5082258359350473,0.3685683989405815,0.5939635163274315,2.212070061758129,0.8635573110348596,5.200181503268343,29.61814863771991,35.54082064843764,23.62206175298757,0.7980050489062526,0.5990594729108227,0.16496654039040679,0.7008938946197455,1.3541813364912274,0.6109367795366307,0.30684356240038335,0.02313176855903457,0.0,1.701266582292918,33.870479627107976,0.0,0.0
1305,2022-11-08 16:00:00+00:00,1480.0,2.2949590690844204,0.22574870234474678,1.2886062520551085,3.181260482071024,0.7827161185234113,2.5366647767952486,1.216290390971579,0.27090862484866224,0.5068513562659687,1.9183554930937714,0.9049741328612578,5.164874755542593,29.64103509971328,35.56280014684304,23.599999999999103,0.7977431956896522,0.5968426325613418,0.1663378445945944,0.699694758098115,1.3518052920190604,0.48819118512767357,0.20896610951661163,0.016869178500000036,0.0,1.2654967002677382,33.96031339268768,0.0,0.0
1306,2022-11-08 16:30:00+00:00,1480.0,2.029943441316081,0.2502414826042239,1.016152457371216,2.7211436945516407,0.8011341492760958,2.6310579550424693,1.0137850643391937,0.1465568875301482,0.4280235871604932,1.6577440422409024,0.9179033858153325,5.194119185307279,29.519904924321363,35.57478950466046,23.5999999999991,0.7344973572462881,0.5329267925800922,0.16606384836912305,0.6917868324322659,1.3516973132670984,0.2494014224791271,0.08317528688083199,0.000979387882573392,0.000678899143730887,0.038424506423841064,33.9862315977393,0.0,0.0
1307,2022-11-08 17:00:00+00:00,1480.0,2.0102078175651066,0.285939860248699,0.9348574384154944,2.72081458657245,0.7822110535579043,2.5774955463068356,1.0088698437098673,0.13103924187247545,0.42149757641734276,1.624050350914293,0.9251242953686037,5.218763532195669,29.18047998847261,35.54571846025475,23.599999999999092,0.6805563660117965,0.4898683650027994,0.16496622777442646,0.687986222524437,1.351896505549197,0.27568715855172427,0.1014079160953303,0.0,0.0,0.01707434944237918,33.95658540372266,0.0,0.0
1308,2022-11-08 17:30:00+00:00,1480.0,2.020181217048477,0.2585250711513645,0.920227454668124,2.7143690393970337,0.770250638781087,2.4108048689243238,1.0137368566945164,0.13600803872254885,0.4035298555319184,1.6281356063253087,0.9317544788035543,5.169360025313818,28.77232191308607,35.163954382528836,23.620805065579965,0.697447537393266,0.470460991300932,0.165032506468037,0.6936033592066687,1.3554844184750727,0.3248801753403146,0.1304386950166674,0.0013106283029947151,0.001757540021289178,0.053439498915525116,33.76925581829014,0.0,0.0
1309,2022-11-08 18:00:00+00:00,1480.0,1.9861275499097995,0.25975107482653637,0.9002614444327937,2.6974373524687802,0.758392727952998,2.414589017724697,1.0027694108179566,0.13267965218655778,0.3996271030131241,1.6153521913533808,0.9451527841770566,5.210004519354842,28.732167554942244,35.531216115173606,23.752403697154822,0.7253651847494066,0.4897660386154809,0.16766543076349885,0.687238353147359,1.3519491557485068,0.2593621723648638,0.09256362745902691,0.0,0.0,0.0,33.67597414285662,0.0,0.0
1310,2022-11-08 18:30:00+00:00,1480.0,1.9827176061538534,0.25672499745940247,0.9114605933500041,2.674484263806967,0.7490481782560169,2.353269234073248,1.0197943760339976,0.13298752549744697,0.3886217571103725,1.6088120406287079,0.9221967257845345,5.199161861111088,28.44464180803352,35.48973567951691,23.877400039609476,0.6958035550941201,0.4805687721533069,0.16723486547821004,0.6833711101445735,1.3503170226327905,0.26811263154692583,0.10017605559288066,0.0,0.0,0.0,33.56953233586867,0.0,0.0
1311,2022-11-08 19:00:00+00:00,1480.0,2.015767619736827,0.2630605357578991,0.8951339166885233,2.720085703217027,0.6686094661695239,2.296313152468805,1.010056429203982,0.13552171857485684,0.387312721615553,1.5846120953698906,0.9406894039392301,5.223554235867098,28.199202034351185,35.44626112943444,23.978600405679472,0.6953562624628937,0.5127388221154894,0.16549064438876632,0.6934343694417826,1.358730585378141,0.2968136319892477,0.10405320931346196,0.0,0.0,0.0,33.45752520356766,0.0,0.0
1312,2022-11-08 19:30:00+00:00,1480.0,2.410071724053586,0.24084419712111987,0.9574478688956635,2.8353708949594494,0.5674320230153862,2.2256571724327743,1.2817465304929536,0.18909546561350396,0.42029818425773885,1.8005444353047724,0.9067539282754546,5.10668790732166,27.933257064046146,35.41393950948398,24.096314172881822,0.7024738405362805,0.5105662356891895,0.16998055439513496,0.6946446188274589,1.3493287168292765,0.736252644884856,0.19224485941764693,0.05043392574591299,0.026770537270875774,2.9148006699115063,33.270044274862336,0.0,0.0
1313,2022-11-08 20:00:00+00:00,1480.0,2.772282594349975,0.2330273158547255,1.08429155102982,2.9346160447899776,0.4965435183810594,2.2582560843585315,1.3424199440738498,0.24870356135207017,0.4809142702661157,1.9553520677714205,0.8719686794925869,4.930388761196576,27.981573681512664,35.41549486409302,24.217407014293535,0.77535926244356,0.5208704606981147,0.170488138787682,0.6959338168532364,1.327382251308905,1.1926131105617979,0.2871186533688135,0.1007839467428199,0.05266853308531505,5.140160489993004,33.20336730319836,0.0,0.0
1314,2022-11-08 20:30:00+00:00,1480.0,2.777007796101602,0.21763659698392976,1.0071975596392686,2.8088234578541798,0.5243703874074059,2.3297739847624337,1.35065038492528,0.233519173326365,0.46813158098095964,1.857557873236993,0.8664228410638277,4.9417186102798185,28.361427881988114,35.38942069855067,24.28062023369289,0.764319982121032,0.5109706083176471,0.1708750788563051,0.6931359630018827,1.3279750008140334,1.162298148529812,0.25584868482845213,0.10449770870163969,0.06245757802969676,4.625281975407689,33.19602778120839,0.0,0.0
1315,2022-11-08 21:00:00+00:00,1480.0,2.498618136379108,0.22002851787829053,1.058404630297991,2.853204486392751,0.6519000197584204,2.4414453943925274,1.2796477087238756,0.20838853737273202,0.452306512125603,1.8086682261331755,0.896037714170587,5.116934094614096,28.88583288908951,35.35736365310902,24.273714488307938,0.7180497854624123,0.5046984661086458,0.1656153474195272,0.7025260529917843,1.3236004765674854,0.8801840248777497,0.2551104230407783,0.06559429146519946,0.04079609923159221,3.3778639949015075,33.20082796117684,0.0,0.0
1316,2022-11-08 21:30:00+00:00,1480.0,1.9923150287380766,0.24710458823100928,0.8981551865738494,2.7378368915733367,0.890433898417989,2.568148743775729,0.9869625939372245,0.1374231004109923,0.413234284320463,1.6050499863809007,0.9262158648699544,5.369287716936729,29.09474166079245,35.33780527642287,24.342173866922394,0.6848278303796859,0.5059856325466202,0.16560716681988127,0.6812834017783619,1.3498993148478478,0.21568213463203512,0.062444780198079274,0.0,0.0,0.0,33.35204535121323,0.0,0.0
1317,2022-11-08 22:00:00+00:00,1480.0,2.5188287888597025,0.23194102803217037,1.0057931789103982,2.801859982365482,0.7119014037190099,2.4294617445077944,1.2109387665321838,0.18027932911129313,0.4228042758722738,1.7414821500779272,0.9098086742044847,5.2392640495160565,28.91874578844132,34.91672772295466,24.439893873613443,0.7283490240232313,0.4882647868407169,0.16939345779388076,0.6869109899330934,1.3479751927955315,0.8343622614427215,0.2112988106083385,0.055705246353827405,0.03803411360770696,3.2588343553581973,33.53533612243656,0.0,0.0
1318,2022-11-08 22:30:00+00:00,1480.0,2.8195628113958473,0.21438462348351758,1.0619110201377804,2.8133806770263066,0.6330659053079828,2.4544854504702056,1.3874138914110452,0.2346775739391213,0.5115454726990424,1.9507972893395273,0.8570111867180042,5.109318590824714,29.05698503448214,35.22270008967781,24.50886607559483,0.7357188965905395,0.5009124189023706,0.16683236619158817,0.7046236888168962,1.3376417002257317,1.1832478646608464,0.29938852015731826,0.09219192973064198,0.07491716655666002,5.138773831351355,33.56055247991569,0.0,0.0
1319,2022-11-08 23:00:00+00:00,1480.0,2.8466171254728088,0.22455179274453355,1.0488927734279248,2.859201072313306,0.6698497137379472,2.444018388895447,1.2891785147380588,0.2282307785552344,0.4342780331083588,1.8471006613690404,0.9023883210511161,5.114624781844715,29.15749373802794,35.225036492055914,24.5999999999991,0.7216511628793298,0.48445477567425593,0.16714213256964008,0.7102328225254317,1.3275208921428496,1.1804486462817119,0.24104633186784785,0.09452307029240152,0.06233768983670816,4.831811446953651,33.5813112591119,0.0,0.0
1320,2022-11-08 23:30:00+00:00,1480.0,2.7149363186610413,0.21783558844743908,1.1459683852401084,2.9719500702056827,0.7051133790460142,2.5671267942654383,1.3101247706124777,0.19327723339768868,0.46883001521465445,1.946141096741449,0.883920683115283,5.16729047128608,29.256994911668755,35.265803294770976,24.67766990291173,0.7199622793069363,0.4800512860225381,0.165598978705078,0.7063173332331658,1.3333952544260352,1.046018820268278,0.24226194436007992,0.07432192499670823,0.05146591823031098,3.922253381121135,33.652937140594666,0.0,0.0
1321,2022-11-09 00:00:00+00:00,1480.0,2.8692562592075928,0.22172128166764937,1.2206360132297465,2.855055135352961,0.7951346745521136,2.6392216111814197,1.3869013394311254,0.1950089850645354,0.4799994404827585,1.933202881741577,0.8750577719226499,5.083834209293929,29.327408118157464,35.20682905041265,24.75325087828634,0.7274077450838909,0.4730695484624131,0.16793926575372453,0.6944379794268153,1.349348741228081,1.1969238532317437,0.29400666244547763,0.09241262177350158,0.061796196459177465,5.156402184987893,33.9037349447693,0.0,0.0
1322,2022-11-09 00:30:00+00:00,1480.0,2.872300208493765,0.20782532017825356,1.1412854255696276,2.903898700389992,0.9223375015811103,2.7834622921933083,1.4236901397284527,0.2369864635191873,0.5036416755702263,1.9538628095155683,0.8652286791395233,5.144140898086393,29.32482228796444,35.20198564265932,24.800001000001004,0.7481788569557388,0.48403269519311165,0.16987811259171368,0.6931874867682541,1.3459012046551864,1.2099794090249096,0.3378706097323851,0.09471659103290805,0.0635139384867437,4.6805266491192405,34.041779703134836,0.0,0.0
1323,2022-11-09 01:00:00+00:00,1480.0,2.32722849086406,0.23769704923668444,1.0303760535121056,2.7942152403402907,1.0423450529487857,3.045888548936168,1.1931005977989102,0.18586488691520892,0.4548145591517394,1.7297016301570718,0.8923703288344459,5.242990280606078,29.360826756988427,35.17832962751855,24.844919250000476,0.7347029538203501,0.46892065256235865,0.1707735787799661,0.7044887207060079,1.3496517321799333,0.6297807762077742,0.1672366718418149,0.04256927895662651,0.03007849108328342,2.1013245158247154,34.067519739307926,0.0,0.0
1324,2022-11-09 01:30:00+00:00,1480.0,2.870800542779877,0.23212402783359334,1.1412485251573725,2.9081552259760635,0.92091310663467,2.8963045372197342,1.4574901553300352,0.21649228505561427,0.45782470530601843,1.8880798668085026,0.8709989315995593,5.090549863279035,29.110788621515603,35.18442945131002,24.90000000000093,0.7167733487180815,0.49628813848546627,0.1695240910911181,0.7068784636743711,1.3507643115002652,1.1777387141498723,0.29778965192197177,0.0834071885431138,0.051104093051143364,5.435489429284903,34.31102064915602,0.0,0.0
1325,2022-11-09 02:00:00+00:00,1480.0,2.9384027410526175,0.2137659887594789,1.2835763072584374,3.0077246581051753,0.9805220221925436,2.9275753157575872,1.4616059331199922,0.22864968670064284,0.49393099841304633,1.968204903825772,0.8765331008950931,5.1360185751081975,29.00608395099084,35.159502985452804,24.94680542110381,0.7302800965423146,0.48793517620458426,0.16826565520610345,0.695891716356464,1.3729034438089978,1.2203464001600521,0.35056451734119193,0.09676737122434657,0.05894339848326264,5.2133973307738515,34.413737393390036,0.0,0.0
1326,2022-11-09 02:30:00+00:00,1480.0,2.866630209731209,0.21554955758346495,1.2430650277152213,2.9585971353658644,0.9728627313571072,2.915263113409557,1.4214647124123077,0.22431072871553553,0.48379424305827484,1.9578641587558747,0.8435129977661342,5.167044663207041,29.066286502446562,35.14730016741696,24.952018779343422,0.7260293362643753,0.5215837706666724,0.16868696318633375,0.6813708287888124,1.3649789375155261,1.2031516216634572,0.3538690337937137,0.09620013322409325,0.05671523375231777,5.012679820724738,34.44440416793452,0.0,0.0
1327,2022-11-09 03:00:00+00:00,1480.0,2.425163568132441,0.23846019167804142,1.111773029887892,2.783663621769387,1.0157258609507969,2.978409220857919,1.2318333793496008,0.18070579894563019,0.47736001785853605,1.8206624252489976,0.9016657470779473,5.229937940638756,29.117114974011955,35.189915516493954,24.900000000000905,0.7197183142917509,0.47702177015225555,0.16899059391472832,0.6808948973329884,1.3595889915201638,0.7794376563994828,0.22784916012067716,0.04729913632632888,0.027135186420370442,2.342838808721625,34.50769094247277,0.0,0.0
1328,2022-11-09 03:30:00+00:00,1480.0,2.9140080274499294,0.2083361857508536,1.2259615279031395,2.956477464789481,0.8589788614150422,2.5846972467629743,1.3748341171412923,0.24492126105070158,0.493208353832237,1.9396810775388145,0.8661516788721026,5.059539009722983,28.99789033295945,35.25713601613746,24.900000000000922,0.751433937144452,0.501029755352421,0.16934145450434623,0.6847994442798813,1.3433603595392838,1.216995850737848,0.3712740132072484,0.09246662880902361,0.06526388311880585,5.080591183253022,34.644004234575775,0.0,0.0
1329,2022-11-09 04:00:00+00:00,1480.0,2.742801137230974,0.21953183971831042,1.1947523927347399,2.9171650243321823,0.8780338492405764,2.711538121052618,1.3305621603663569,0.19924281717754364,0.46964520107433544,1.8453478956521885,0.892975792491543,5.066444391630234,28.744798305509104,35.260148042171885,24.86561120362136,0.7216505813944434,0.4756073211573029,0.16574358152484217,0.6865495631624401,1.353515030658686,0.9735468623171525,0.2789382664530206,0.08477313024240374,0.045158072217012867,4.281627870353989,34.67969761842101,0.0,0.0
1330,2022-11-09 04:30:00+00:00,1480.0,2.7614276118428815,0.23123479763490212,1.1770112729292903,2.990907576467265,0.7783498008115075,2.5290736989094813,1.3766851503739777,0.21420971903948866,0.4900752325370748,1.92039565107438,0.8879168363947758,5.158198383304939,28.745700127964636,35.294747432289235,24.80000100000102,0.7360351173684211,0.4943136901233238,0.16695413419859548,0.6788578701858919,1.3571483225505496,1.0893457749512168,0.3141638284419327,0.08514622907724073,0.05352798298236022,4.896642640425522,34.81506200691844,0.0,0.0
1331,2022-11-09 05:00:00+00:00,1480.0,2.878408837018169,0.20958510314481948,1.1927603488615568,2.868905362160653,0.6958636620568222,2.5152945661739476,1.3387607799764873,0.21131334842040583,0.47237581952297575,1.873857130589548,0.8939111499321005,5.041503233645862,28.90107721956882,34.826670347550746,24.800001000000982,0.7521173452848257,0.49985438350750117,0.16770272654846147,0.6914706502853866,1.3389027878858493,1.188206873959291,0.34479068120155587,0.07537817059064343,0.0591211163588082,4.6832939949367045,34.89435085111842,0.0,0.0
1332,2022-11-09 05:30:00+00:00,1480.0,2.7838769817204394,0.2170371460895688,1.2155838485012678,2.9439137177800268,0.6843559321998098,2.5069894825237413,1.4744728748461522,0.20935838334822407,0.4577476803133591,1.9031590625766934,0.8804750982152211,5.048222003826259,28.887309078680044,35.224242765840266,24.831981120293758,0.7468068578281788,0.49268358714452104,0.16670426278606973,0.7023382814668852,1.3319591732180398,1.2108052659388908,0.4453909098104734,0.08938018909783277,0.0664850365339038,5.617943654813469,34.94207514907609,0.0,0.0
1333,2022-11-09 06:00:00+00:00,1480.0,2.7636521231436184,0.21173799297157664,1.1899351763189179,2.9370997060105988,0.7069303064928142,2.553123802416585,1.3926703353942824,0.20689325265078296,0.4706102083171181,1.9158265748455885,0.9175822926557031,5.0018758927023494,28.587090506716457,35.17831029577486,24.905976470589074,0.7329039505855588,0.48073084681794287,0.164546911986755,0.7140400015838108,1.328685971638657,1.1045646885868887,0.2960377124573544,0.08539122797623407,0.07210775390233112,4.999067190131572,34.93787825384142,0.0,0.0
1334,2022-11-09 06:30:00+00:00,1480.0,2.8176492551176735,0.22497761650381334,1.248511715387947,2.9967278830580923,0.6242492142287002,2.4792051221608222,1.4203518019766967,0.20593738199696673,0.46010911960526146,1.873529568958437,0.8555984004598884,5.083817383079441,28.592833565626275,35.155350457000054,25.0,0.7267894227140106,0.49258643217007086,0.1650908661848198,0.7199291566031335,1.3314294764413517,1.147841037037483,0.29930775026607076,0.09105996716460922,0.07773858687899571,5.519430469452286,34.947185858235585,0.0,0.0
1335,2022-11-09 07:00:00+00:00,1480.0,2.7688155605336293,0.21914309442021285,1.182735727141236,2.8723277548847537,0.6123727387349737,2.4053796974104538,1.4421705188882523,0.22505481736689084,0.5065813487571588,1.922241859569646,0.8941788880564838,5.04500685933331,28.65847375715042,35.179627207261824,24.994544518785464,0.7179087024600429,0.5082242730434805,0.16409059654933525,0.7294486579939206,1.3275632682183993,1.1551174603561993,0.2629186995632795,0.09362315426623807,0.04924349643184648,5.543699013102126,34.951370911745855,0.0,0.0
1336,2022-11-09 07:30:00+00:00,1480.0,2.435215988331473,0.22657539937608176,1.0512207307815025,2.7592682099727552,0.6839686541276838,2.418642095842324,1.1616595942467411,0.22608515095142973,0.5447989180276213,1.8810258895104899,0.8999216894950641,5.248887533450688,28.639751124172115,34.91593592784244,24.920439963337028,0.7095487422165219,0.49487954797546047,0.16420348101449225,0.7433385524106156,1.3262307699766362,0.6920668722147195,0.17806829671196833,0.04763226863357275,0.025998743233333437,2.443897633073931,34.95153117191621,0.0,0.0
1337,2022-11-09 08:00:00+00:00,1480.0,2.665838577718536,0.22982011738043537,1.155289997682645,2.927053300434308,0.5803379742732425,2.268750611758476,1.3783141127472476,0.21945884471630722,0.47292543223757233,1.828574296134464,0.9275638318756823,5.0115646300314625,28.397776923852927,35.14986102286672,25.0,0.7518066987777734,0.46264993062821214,0.16439166990476214,0.7499107185419265,1.3223124423631092,1.023469344549794,0.2780630420715693,0.07755133622200014,0.054388853631055174,4.556609713496554,34.99765510194509,0.0,0.0
1338,2022-11-09 08:30:00+00:00,1480.0,2.9651818853926417,0.2222263716462739,1.1857323055053735,2.90247734007592,0.5107781785248702,2.304150429367224,1.3932371587284962,0.21259224026670445,0.4878682162433277,2.006710808634657,0.8854561555633722,5.018625239421452,28.28121471761497,35.1051928363466,25.085740570376224,0.7306801117849591,0.4949749921926021,0.16379755638449925,0.7552975534281238,1.3214277824533414,1.162598791490565,0.2787235358046922,0.08894780690388286,0.06579987439194357,5.9689169421961665,34.98192395335796,0.0,0.0
1339,2022-11-09 09:00:00+00:00,1480.0,2.9260652239504927,0.2191500918232341,1.2178295956249958,2.9652478534290414,0.529627384294214,2.2957241362022742,1.4292390725042758,0.2215725014383954,0.4728736060778772,1.9713194641746437,0.8878746224696118,4.990599356032747,28.36489131983605,35.11584205220533,25.099999999999046,0.7495287781792539,0.49054972064095853,0.1635890522021651,0.7599530947597987,1.3156713531145754,1.129338618277668,0.24879282659461172,0.09665248584912985,0.05599212758595783,5.972334189993614,34.99027173718779,0.0,0.0
1340,2022-11-09 09:30:00+00:00,1480.0,2.7681230433492194,0.20974170115755603,1.1510905596910643,2.911073753196948,0.5378905177402076,2.314463036791005,1.3778640153722501,0.2554934697681347,0.50912433169222,1.9681738102224524,0.8702785636884834,4.970908930135548,28.274500936122852,34.74749795289509,25.145689235264236,0.7349260205220909,0.4959684590707166,0.16353486039428766,0.773030066755871,1.321378858373464,1.1599137812651792,0.2548210425551934,0.09548711957668715,0.05554689672496804,4.95863699929532,34.98655309313674,0.0,0.0
1341,2022-11-09 10:00:00+00:00,1480.0,2.667684077736542,0.21396119428032453,1.1646445391743134,2.8371232368334085,0.5225341758186102,2.3473315614917034,1.5089597064327407,0.20229042948322198,0.46413276716374385,1.84990666281437,0.9151619910836853,5.025509885202591,28.252825727325433,35.0758085121215,25.16686256781152,0.7579760704791937,0.4861292337952538,0.16301120019037113,0.7819241032901222,1.3167400551515172,1.1536877939064552,0.2692488118089355,0.09498286776216584,0.09332179555600809,5.261086514342629,35.02447975994375,0.0,0.0
1342,2022-11-09 10:30:00+00:00,1480.0,2.0922947902896105,0.23826278404501114,0.9967705824249294,2.7632369870478346,0.6533224767697595,2.3577166153084996,1.0555434909198647,0.15211529898941104,0.446637885018664,1.6701918489577123,0.965842354163862,5.284662176552988,28.14050246113719,35.07221104171018,25.09999999999911,0.712605635775653,0.446870729416721,0.15825757833894613,0.780344113739545,1.3277417469644968,0.35206904494193636,0.09987879099684398,0.015354258198881282,0.007364756920517559,0.9389886505056888,34.96288974412871,0.0,0.0
1343,2022-11-09 11:00:00+00:00,1480.0,2.093570746734481,0.24616063844094668,0.9730553972012418,2.786412003609346,0.5850137709360161,2.1961449665091846,1.0724896456062918,0.14031125242116058,0.4052836540688876,1.6391218102379708,0.9585910369580831,5.322403280169016,27.776628021849607,35.10707403100767,25.135528255527866,0.7044864296693385,0.45278817335421573,0.16197455662154983,0.7556734906112047,1.3392159970157422,0.4002827568237458,0.09182313296103843,0.018791457537688433,0.014792152488044151,0.8119804436788876,34.95196457240121,0.0,0.0
1344,2022-11-09 11:30:00+00:00,1480.0,2.913247653781938,0.22740251271063866,1.1867394293237876,2.9864865551996145,0.4260823748586757,2.16324047269673,1.5079878211282574,0.19232853652449647,0.4487660695963055,1.86126771892157,0.9292471634273788,5.334042685841626,27.472230935336288,34.974922862616445,25.099999999999156,0.7434821360633983,0.4956162450024901,0.1637926595449845,0.7738444022975809,1.3351508832579253,1.1661086715087556,0.2741113718430819,0.09056858675128035,0.07252588460882346,6.998099998448756,34.94922132149222,0.0,0.0
1345,2022-11-09 12:00:00+00:00,1480.0,2.8231582520355074,0.21539375513513573,1.1821850594418737,2.9501204101748795,0.42533934489547925,2.1752624053811718,1.3762513160764418,0.2279175613723385,0.4714690962421376,1.9063912890396102,0.9640716173011629,5.471472525895752,27.665494651660094,35.10354061978677,25.054355400696632,0.749470006428565,0.4945200168842085,0.16260956882647504,0.7987051127543251,1.3212708263270763,1.1492529909981377,0.28600062790443964,0.0852923204434728,0.060502360956368045,5.1176454303066725,34.86237088188032,0.0,0.0
1346,2022-11-09 12:30:00+00:00,1480.0,2.982517925445438,0.2261784319442783,1.2412936908670507,2.985735089066979,0.435406577340361,2.23113282556227,1.4969642270121277,0.21448179912596857,0.4748946429549144,1.8939063454545444,0.9685926934078763,5.564857782397231,27.749337184598016,35.11262616102474,25.0,0.7502762870890386,0.48352977107934536,0.1631787764642461,0.8011779375290725,1.3253712953326215,1.1428741680511154,0.30631855517351025,0.08074028631647126,0.0697906145169859,5.8889379100649295,34.817250408971354,0.0,0.0
1347,2022-11-09 13:00:00+00:00,1480.0,2.9933223157484856,0.23355169374239915,1.2695081038029794,3.0571122294577497,0.41501801087240997,2.19106162619989,1.480764858584511,0.19419507124853044,0.4546610355879257,1.899573524778768,0.9569620931406962,5.56777662693141,27.836002167501476,35.13150912971482,24.970922646785137,0.7384806064912258,0.5041712537214593,0.16213194831018585,0.7929027152119436,1.326913378013781,1.192762761388527,0.335638621796929,0.09101392967506595,0.06592189805407198,5.382158989285714,34.81949985383661,0.0,0.0
1348,2022-11-09 13:30:00+00:00,1480.0,2.9494392962025238,0.23385258449864454,1.2601840981813295,3.057639338465906,0.45620182869541875,2.265095397236323,1.4876045164906013,0.1957702370378026,0.4438123073966489,1.8912973198901086,0.9438804357292825,5.533400868924279,27.692238280507922,34.88567114430901,24.900000000000873,0.7485381174483121,0.47479945608963947,0.16254169318207706,0.7925857782797419,1.3323297076074916,1.1472069196193997,0.3011391623542071,0.08120980197361792,0.06665598820132981,5.601620302033032,34.824099636188464,0.0,0.0
1349,2022-11-09 14:00:00+00:00,1480.0,2.5698351796620167,0.20203261587635898,1.147569373657814,2.873470443825657,0.4753408988378995,2.187798832732922,1.2078882184857265,0.2843329347512282,0.5739557155269471,1.9488204541224978,0.968757380748954,5.7425949831346745,27.595751644351495,35.142480359264454,24.900000000000897,0.7366856131887719,0.5041164951357929,0.1612045626802237,0.8062277612609781,1.3259745482695864,0.8429894265205106,0.16470662509117764,0.07809922459662787,0.029988645395315816,3.611763730836997,34.79102826458042,0.0,0.0
1350,2022-11-09 14:30:00+00:00,1480.0,2.417231006726704,0.21616818270888832,1.0543550784474138,2.83740953035126,0.43731832460692804,2.1599061608978256,1.2848331145195913,0.23926239403375146,0.5497037237141371,1.9149543730248257,1.014495007662196,5.974704267432724,27.513153110577086,35.17622413811202,24.900000000000972,0.7400709757709525,0.478053852887439,0.16206649767272838,0.7967342012663544,1.3293695882536378,0.7920547640051505,0.16763530019999984,0.055729013993827,0.03348099796884735,3.7659840558274253,34.7553835153849,0.0,0.0
1351,2022-11-09 15:00:00+00:00,1480.0,2.8987278667924516,0.21763706226767973,1.1573941282915718,2.997364429339067,0.43824499513950876,2.1976076253941472,1.463028599160603,0.2138825833874468,0.43597592684593806,1.8719419053641975,0.9421381047512587,5.419925051892209,27.48104792004645,35.13331686622917,24.880222634914222,0.7519608854123205,0.4869847004704622,0.16307853381920942,0.8125199490146722,1.3240150064102525,1.1461619813238773,0.27530031400364574,0.08020347363075997,0.05530326130500575,6.248297884786515,34.86632041472397,0.0,0.0
1352,2022-11-09 15:30:00+00:00,1480.0,2.600084762356998,0.23494066078338213,1.1693843923536282,2.959677698110064,0.5241080086501365,2.239401335527812,1.322419206938073,0.17539133629653203,0.4537670184336688,1.8199515067876009,0.9447559890097352,5.467707948194861,27.48473921832592,34.97517000859363,24.80000100000113,0.7372504923741459,0.4681718729281424,0.1621507290980642,0.8248256507275961,1.3244589819047594,0.7602025906538731,0.22162751100467148,0.054433358841421677,0.0341013255622517,3.1445082576454615,34.69124814584821,0.0,0.0
1353,2022-11-09 16:00:00+00:00,1480.0,2.800185530998853,0.23222780243596816,1.0922096518858853,3.03919322100644,0.4326878709761663,2.119532762457725,1.3507942862634186,0.204405352408129,0.44803508530099156,1.8729266957549908,0.9446496597878093,5.1739594813285015,27.38939487308812,35.17546920932596,24.79275667890406,0.7342853175235305,0.5373614102001191,0.15194366080071023,0.8243916029566241,1.323586869111753,0.9550680243102306,0.23730996922935774,0.07378493414383572,0.04597247919528171,5.021128320805812,34.62959529677853,0.0,0.0
1354,2022-11-09 16:30:00+00:00,1480.0,2.8053850814794608,0.22500056740078078,1.1779219304601363,3.0097649331714997,0.4484553652959521,2.199011665469296,1.3511402987625125,0.21187060849886635,0.49053225944314355,1.8972323277419263,0.9245145331159477,5.176123386002238,27.438639279437574,35.122145876611455,24.699999999999125,0.7424040972930362,0.4850786702559313,0.15236723186004886,0.8329260529209187,1.326545450063932,1.0067254056956494,0.2501620041209832,0.0763583072975268,0.042710668642666726,5.0446358193324,34.60102913219156,0.0,0.0
1355,2022-11-09 17:00:00+00:00,1480.0,2.1236475890128292,0.2248530029875503,0.9900521521887736,2.777298011778283,0.5132655548531094,2.1660819446407533,1.1084636517431254,0.14239281850299357,0.39603761920681657,1.6573385854346587,1.014169615487321,5.404580290044512,27.47745162936236,35.17246075862078,24.699999999999186,0.7145321761420702,0.5017983779835882,0.16031371772348865,0.8324501583017693,1.328776781069185,0.24510559057834616,0.09200767418479765,0.0013957909029192128,0.0007311258807947022,0.04197611347047113,34.52542045689608,0.0,0.0
1356,2022-11-09 17:30:00+00:00,1480.0,2.103667250953102,0.26299409868887713,0.9277943916782087,2.7767516741014835,0.5406444303148787,2.1563401946511505,1.0750610612732152,0.13479725331584297,0.3676060570604412,1.6328904110749254,0.9857748156024779,5.326934290499728,27.291544910590186,35.023876168057605,24.699999999999232,0.781318665308708,0.5351872573575933,0.16363749067132366,0.8324687154352425,1.3240999387133183,0.29592706814837866,0.11760523623543388,0.0,0.0,0.0,34.47325553373848,0.0,0.0
1357,2022-11-09 18:00:00+00:00,1480.0,1.904397787175342,0.22248839419232902,0.8654113326504759,2.4924522796992434,0.4765456808673167,1.87082441300722,0.9610401905940593,0.12227171842204777,0.3432659026218222,1.4822125688987344,0.8784939925934054,4.6540927216922245,26.942050168214386,35.17858248587011,24.699999999999324,0.6878682475641744,0.40242000395534516,0.1626449601613851,0.8216044253800898,1.3310211966857142,0.27385632822963507,0.13854753635370312,0.00692667547408344,0.0018715232980132449,0.25645411040391664,34.335612943021644,0.0,0.0
1358,2022-11-09 18:30:00+00:00,1480.0,0.0,0.0,0.0,0.0,0.0,0.0,0.0,0.0,0.0,0.0,0.0,0.0,27.8735091650972,35.283667013333435,24.601323251416957,0.6618991567492801,0.41166296135602504,0.15818162810897532,0.8539133523938068,1.3422259456579648,0.0,0.10257850461693739,0.0,0.0,0.0,34.96483567542186,0.0,0.0
1359,2022-11-09 19:00:00+00:00,1480.0,0.0,0.0,0.0,0.0,0.0,0.0,0.0,0.0,0.0,0.0,0.0,0.0,29.10476213930083,35.26050115176298,24.45657059110957,0.6591174227022687,0.42223558490031626,0.15966598447083194,0.8516447168609445,1.3286375236455712,0.0,0.10110162753818405,0.0,0.0,0.0,34.65672357059499,0.0,0.0
1360,2022-11-09 19:30:00+00:00,1480.0,0.0,0.0,0.0,0.0,0.0,0.0,0.0,0.0,0.0,0.0,0.0,0.0,29.156082025792387,35.25828390862523,24.400000000000947,0.6682325426378598,0.4328412168239864,0.16053719982396597,0.8556925121626058,1.3302793304562917,0.0,0.11042999790275326,0.0,0.0,0.0,34.04849641626762,0.0,0.0
1361,2022-11-09 20:00:00+00:00,1480.0,0.0,0.0,0.0,0.0,0.0,0.0,0.0,0.0,0.0,0.0,0.0,0.0,29.09251123140938,35.116929547025464,24.402528932705643,0.6794793416028934,0.4049596128548691,0.16006758764227724,0.8427861985374941,1.332736143134245,0.0,0.11185012281255961,0.0,0.0,0.0,33.51835483762301,0.0,0.0
1362,2022-11-09 20:30:00+00:00,1480.0,0.0,0.0,0.0,0.0,0.0,0.0,0.0,0.0,0.0,0.0,0.0,0.0,28.80896757373683,35.25875659601992,24.40000000000089,0.6875666394038319,0.4416274465250804,0.16110933961320356,0.8164483099543585,1.3377899654479963,0.0,0.05165677162838499,0.0,0.0,0.0,33.06198082454113,0.0,0.0
1363,2022-11-09 21:00:00+00:00,1480.0,0.0,0.0,0.0,0.0,0.0,0.0,0.0,0.0,0.0,0.0,0.0,0.0,28.66134039824469,35.25305974977174,24.40000000000094,0.671112881645143,0.40253411858085786,0.16120626107635408,0.8127245865977153,1.3399799977158746,0.0,0.03805839980072246,0.0,0.0,0.0,32.62272376164593,0.0,0.0
1364,2022-11-09 21:30:00+00:00,1480.0,0.0,0.0,0.0,0.0,0.0,0.0,0.0,0.0,0.0,0.0,0.0,0.0,28.37456847843169,35.35691172259308,24.379476789257495,0.6702572300853795,0.43477749961762874,0.16012479695579376,0.7742024387527348,1.358904794456401,0.0,0.09178054742096138,0.0,0.0,0.0,32.22026005775039,0.0,0.0
1365,2022-11-09 22:00:00+00:00,1480.0,0.0,0.0,0.0,0.0,0.0,0.0,0.0,0.0,0.0,0.0,0.0,0.0,28.261561321670467,35.17603224108824,24.300001000000954,0.6763863088742879,0.4439955251544048,0.15951790309843333,0.7627404179302193,1.3573308783690012,0.0,0.05533459813762629,0.0,0.0,0.0,31.90917028645832,0.0,0.0
1366,2022-11-09 22:30:00+00:00,1480.0,0.0,0.0,0.0,0.0,0.0,0.0,0.0,0.0,0.0,0.0,0.0,0.0,28.049942202037446,35.30566660949469,24.280600806000436,0.6798636064799077,0.4363038319413474,0.16034922177322206,0.7618519875403251,1.3543294993586033,0.0,0.04094887654260399,0.0,0.0,0.0,31.599319957018214,0.0,0.0
1367,2022-11-09 23:00:00+00:00,1480.0,0.0,0.0,0.0,0.0,0.0,0.0,0.0,0.0,0.0,0.0,0.0,0.0,27.905936408528962,35.315883318618155,24.220049828287184,0.7045603133293361,0.4283354040537557,0.16039133567052138,0.770951035400107,1.348257130871748,0.0,0.11665874370758386,0.0,0.0,0.0,31.438580799743146,0.0,0.0
1368,2022-11-09 23:30:00+00:00,1480.0,0.0,0.0,0.0,0.0,0.0,0.0,0.0,0.0,0.0,0.0,0.0,0.0,27.836656681512157,35.2579879481329,24.175202429148715,0.6528721839744333,0.4116347243250696,0.15631102096652402,0.75790137319507,1.3522143009534475,0.0,0.0605034638154817,0.0,0.0,0.0,31.21494281753695,0.0,0.0
1369,2022-11-10 00:00:00+00:00,1480.0,0.0,0.0,0.0,0.0,0.0,0.0,0.0,0.0,0.0,0.0,0.0,0.0,27.78852206838579,35.31035721010901,24.027318295739718,0.649742656759311,0.42664231614955284,0.15891942214710716,0.7301674466573108,1.36759544792368,0.0,0.026254217579879443,0.0,0.0,0.0,31.04415929708407,0.0,0.0
1370,2022-11-10 00:30:00+00:00,1480.0,0.0,0.0,0.0,0.0,0.0,0.0,0.0,0.0,0.0,0.0,0.0,0.0,27.566469342767615,35.343625166585326,23.990509490509492,0.6900083748643023,0.42502637718451913,0.1603503139731401,0.7244015808263958,1.371348776317231,0.0,0.09511622638196138,0.0,0.0,0.0,30.917455193528,0.0,0.0
1371,2022-11-10 01:00:00+00:00,130.98540145985402,0.0,0.0,0.0,0.0,0.0,0.0,0.0,0.0,0.0,0.0,0.0,0.0,27.467766901376276,35.36164566402384,23.9089893100106,0.6819160955770296,0.4315203278686703,0.1606641728159267,0.7311552377605347,1.3590070740820757,0.0,0.11709539238218511,0.0,0.0,0.0,30.67360228775513,0.0,0.0
1372,2022-11-10 01:30:00+00:00,0.0,0.0,0.0,0.0,0.0,0.0,0.0,0.0,0.0,0.0,0.0,0.0,0.0,27.466864720133138,35.349220163174245,23.835465226771994,0.6644801893990391,0.4517286916620857,0.1589226633293061,0.728282312217142,1.3542566111517351,0.0,0.066073322693822,0.0,0.0,0.0,30.602768218935207,0.0,0.0
1373,2022-11-10 02:00:00+00:00,0.0,0.0,0.0,0.0,0.0,0.0,0.0,0.0,0.0,0.0,0.0,0.0,0.0,27.422685857906743,35.36966814540211,23.721906815117254,0.6927314091285152,0.45848440968783644,0.16054650542669618,0.730613201463968,1.3616611793677238,0.0,0.11517942865584856,0.0,0.0,0.0,30.538097793016888,0.0,0.0
1374,2022-11-10 02:30:00+00:00,0.0,0.0,0.0,0.0,0.0,0.0,0.0,0.0,0.0,0.0,0.0,0.0,0.0,27.389297960984894,35.369338228406995,23.76716341766789,0.6716313782203399,0.4221754537265578,0.15956350764488472,0.7271329643560854,1.3660206909943744,0.0,0.06701927155481716,0.0,0.0,0.0,30.35644026341119,0.0,0.0
1375,2022-11-10 03:00:00+00:00,0.0,0.0,0.0,0.0,0.0,0.0,0.0,0.0,0.0,0.0,0.0,0.0,0.0,27.36476702280789,35.376156985256785,23.800001000000762,0.6700336089599123,0.4330353859646333,0.1602230278417275,0.7276227593169721,1.3539579451431785,0.0,0.11736364099114521,0.0,0.0,0.0,30.223354858888175,0.0,0.0
1376,2022-11-10 03:30:00+00:00,0.0,0.0,0.0,0.0,0.0,0.0,0.0,0.0,0.0,0.0,0.0,0.0,0.0,27.30409249304095,35.40624195024878,23.80000100000109,0.6683243028901713,0.42809241340351,0.16021544267073937,0.7314834298544022,1.34303818413488,0.0,0.1256656204264988,0.0,0.0,0.0,30.165012740834413,0.0,0.0
1377,2022-11-10 04:00:00+00:00,0.0,0.0,0.0,0.0,0.0,0.0,0.0,0.0,0.0,0.0,0.0,0.0,0.0,27.203594652305313,35.41055792047537,23.89139488510728,0.6647754270588238,0.43921430483793084,0.16010535925070576,0.7305931563911523,1.3453888839930201,0.0,0.12552965221052592,0.0,0.0,0.0,30.11040653133522,0.0,0.0
1378,2022-11-10 04:30:00+00:00,0.0,0.0,0.0,0.0,0.0,0.0,0.0,0.0,0.0,0.0,0.0,0.0,0.0,27.136362844231076,35.39882395952947,23.9000000000009,0.6453866892242391,0.4159767329970134,0.1600460123002432,0.7318877232795751,1.3505574220062768,0.0,0.089884404784819,0.0,0.0,0.0,29.998098460757856,0.0,0.0
1379,2022-11-10 05:00:00+00:00,0.0,0.0,0.0,0.0,0.0,0.0,0.0,0.0,0.0,0.0,0.0,0.0,0.0,27.06748890000006,35.41321639152005,23.947512551346648,0.6596791685561484,0.46633063908193,0.16069755247239553,0.7294715182342111,1.3579774156703428,0.0,0.07333614775275778,0.0,0.0,0.0,29.810817218830792,0.0,0.0
1380,2022-11-10 05:30:00+00:00,0.0,0.4025865705134995,0.04187192290093053,0.22043947818684295,0.5207502744479496,0.08109481165783892,0.38478703483369076,0.1804001182630412,0.032557895935180124,0.07608525252944488,0.3444360912838572,0.18854096586036292,1.2247952633118786,26.983895333333603,35.417047569761586,24.0,0.6724395846385213,0.42972159996705284,0.16063441401433787,0.7266847445553031,1.3620972621787732,0.0790025706739409,0.11003756594027085,0.0009411011971830985,0.0006043295249549005,0.11688896347087378,29.68170917575387,0.0,0.0
1381,2022-11-10 06:00:00+00:00,0.0,2.0793012081184905,0.2610658711178235,0.9605980187535098,2.738131903632112,0.42176056288769753,1.9972954235260822,1.0432843091520023,0.13967175563333342,0.4205586636879424,1.6563242184642384,0.9885212953989525,5.524212630439786,27.326046175438876,35.41345494181806,24.000581655480975,0.688696273281714,0.43334248256278496,0.16052351494266304,0.732647888622331,1.351060136741763,0.3013552910931671,0.13271410113497378,0.0,0.0,0.0,29.543187267567536,0.0,0.0
1382,2022-11-10 06:30:00+00:00,0.0,2.1627817837737875,0.2447847923423933,1.0418471259117177,2.870919870503585,0.445599207702429,2.038462094848647,1.1947424324999967,0.14964366462279238,0.4266680570818339,1.7172650881437819,0.9395023443887466,5.308331709557239,28.079080112773855,35.40468120957452,24.099945295403998,0.6681575696185763,0.4569857620802515,0.16180374814973464,0.7202869880420872,1.34376127398505,0.39376039447798666,0.1542980705380902,0.014779364983776761,0.005753207463653027,0.48324436139279175,30.254572127847553,0.0,0.0
1383,2022-11-10 07:00:00+00:00,0.0,0.9633087287102007,0.12027497911946418,0.44587390767777874,1.4337306656910556,0.24306595478104054,0.9905145365803111,0.5228821473035531,0.07133643651322237,0.19073469078316432,0.8337703650639406,0.454261923726466,2.575062914376996,28.505361620341347,35.39714591670577,24.099999999999103,0.6434585748831007,0.4451840674958168,0.16190588609091036,0.7183897308140752,1.3467605359281374,0.1287468799062498,0.06598129972443892,0.0,0.0,0.0,30.97794656107797,0.0,0.0
1384,2022-11-10 07:30:00+00:00,0.0,0.0,0.0,0.0,0.0,0.0,0.0,0.0,0.0,0.0,0.0,0.0,0.0,29.40404278213909,35.35968467623147,24.15306122448869,0.6676164867195103,0.44749354575882594,0.16202416385975496,0.7050748509454725,1.3679028104862323,0.0,0.04535423546477068,0.0,0.0,0.0,31.464971281045834,0.0,0.0
1386,2022-11-10 08:30:00+00:00,0.0,1.0000121647850102,0.11613422927272724,0.5179107864018415,1.3309314321489374,0.22203766017718732,0.9532817801169301,0.4921286711520465,0.06754592653099874,0.2034510921851197,0.8411525652092537,0.5014818084933782,2.6951077545095794,28.907478344336777,35.33008048844902,24.20149255223815,0.6672015755038715,0.42082494805540105,0.16276810198940633,0.6934161121817103,1.3728691970285647,0.11076600726173538,0.0733943786017004,0.0,0.0,0.0,30.682397548913045,0.0,0.0
1387,2022-11-10 09:00:00+00:00,0.0,2.049949238121561,0.24728650154684287,0.9808419448030659,2.7918036642159603,0.5301829602356906,2.131698987945935,1.0237043285763892,0.13769795685039696,0.39588987696386957,1.656579074500852,0.9676011199406999,5.38449828487533,28.241413601973687,35.30060401408468,24.296455554153404,0.6619547572245411,0.4302941339233686,0.16122935754464454,0.7025132050476691,1.3533936677695315,0.2395998713543095,0.07264535907738882,0.0,0.0,0.0,30.479345036189965,0.0,0.0
1388,2022-11-10 09:30:00+00:00,0.0,1.1323179258253455,0.13895868773869388,0.4791173519268032,1.5227979373681277,0.28473999775226966,1.2154696333001045,0.5608464422794461,0.07561370409614289,0.21125568785090262,0.8736965291993747,0.5112186692475467,2.730082321676456,28.248282989451447,35.3417323694151,24.300001000001,0.6723975464274677,0.4282579148420483,0.16400496250000007,0.7016996908221429,1.3455021755047831,0.14797410531901442,0.11615456111699476,0.0,0.0,0.0,30.89375165364159,0.0,0.0
1389,2022-11-10 10:00:00+00:00,0.0,2.2787925051230267,0.18777330761274783,0.9620796854418624,2.752825254301279,0.39813506768844414,1.8936027647799551,1.98595445433335,0.2510599701502254,0.47016232921276574,1.8454071383668493,0.8845985725364934,4.959616177173213,28.050853763521985,35.315306000000184,24.357278122206367,0.6972363656988564,0.45352872321135906,0.16709096972772258,0.7136932638586998,1.3469559307544796,0.9508691053741012,0.10946273409225113,0.16683997721408195,0.0664446046981534,4.924250389978977,31.047105416140663,0.0,0.0
1390,2022-11-10 10:30:00+00:00,0.0,2.07599737762312,0.2425446862118772,0.9351567670932736,2.7656580857871123,0.5514701297336946,2.180060017694525,1.0741261401459414,0.14888390902374607,0.38865581593369913,1.6373518780542946,0.9711904903013078,5.196532580133257,28.242315204604957,35.29183028858117,24.40000000000092,0.6829012739387065,0.4502875587819825,0.16637829733476675,0.713979845709202,1.3378911595148222,0.3440909795707866,0.14253712329070556,0.0026878174302030463,0.0012214682294879706,0.20103616299019614,31.071872905104392,0.0,0.0
1391,2022-11-10 11:00:00+00:00,1353.1241714538223,2.0717994456932733,0.24323273322662664,0.9340656210749512,2.807469975296005,0.5215343615467821,2.1404047877242323,1.062272135918469,0.13937002603871684,0.3694347959703075,1.6505701525386214,0.9573077708653297,5.1837843039695635,28.239953394543594,35.32536378902961,24.400000000000908,0.6630277846202187,0.4421053938131449,0.16763970657796617,0.7201571571706247,1.3391565410032853,0.31419566440372665,0.13109091441173007,0.0015808779975947083,0.003665887850467289,0.09781650830929023,31.403599977507707,0.0,0.0
1392,2022-11-10 11:30:00+00:00,1480.0,2.0510006135032737,0.24369650261643122,0.8858866308903005,2.7826286917890313,0.5062829441741079,2.1327732713080243,1.0798009237746165,0.14652428219803568,0.38028849556544686,1.67052278917749,0.9215885302765399,5.161780222325825,28.32432007015578,35.337856768743606,24.400000000000865,0.6887696193319305,0.43184547280213753,0.1639085555190956,0.7323545067612723,1.3380339692013117,0.2991348421285895,0.12363816622399514,0.003410579566750627,0.0007912653050738599,0.07707923744408945,31.492086648874153,0.0,0.0
1393,2022-11-10 12:00:00+00:00,753.9991201055873,2.030786226985732,0.24743728098162887,0.9097423430632156,2.7720659912716883,0.5141148417096651,2.160914566240781,1.0230775946887773,0.13766815023917833,0.36272907719759184,1.5884271764201279,0.9473825139664221,5.1468359273429956,28.25337273241013,35.25910010454997,24.41551639745539,0.6787471820898735,0.4661105119374403,0.16341240612078373,0.7254086229621999,1.3430932180264616,0.21017364915677653,0.060176846613231395,0.0,0.0,0.0,31.634783293113586,0.0,0.0
1394,2022-11-10 12:30:00+00:00,0.0,2.021740532909995,0.24883259861607115,0.9093275017386627,2.7539621158908445,0.5000682362823885,2.096000082963383,1.03370396104367,0.13489777975526154,0.3657094612222243,1.607551667399881,0.9670308600948444,5.1231279344947644,28.189977326161042,35.293628803502095,24.5,0.6522779031464164,0.4259748628060357,0.16510930584302105,0.7227006439875786,1.3542480178114094,0.2645975281461051,0.09521063381627305,0.0,0.0,0.0,31.76421112720172,0.0,0.0
1395,2022-11-10 13:00:00+00:00,0.0,2.533780025768027,0.17741825053471078,0.897918668372636,2.810085865688507,0.4244882899579089,2.046485622658952,2.3607047537815236,0.2589690404050028,0.48191183548290023,1.9007040263912844,0.8570495774801246,4.593170512361646,28.247733947602907,35.282374896443564,24.5,0.6831091625741437,0.4994208801698021,0.1675898966858592,0.745621967672119,1.3389676916971909,1.3201049816330777,0.05382780700141148,0.2751058516213067,0.13145942769463603,7.900053213233181,31.864650475818113,0.0,0.0
1396,2022-11-10 13:30:00+00:00,1134.7760532150776,2.6274502985092805,0.1460567903424193,0.9150577859977195,2.8677259271226325,0.41991550113509846,2.041891660056182,2.645343687122498,0.34374830876022766,0.5735283343997716,2.1287072786529713,0.8852417568680941,4.625097378435745,28.57929268576332,35.30523190462964,24.5,0.6973709449080092,0.4478480514541139,0.16961765234117526,0.7522847100844433,1.3228674998322079,1.5695763000263998,0.05276701098780482,0.387034799462368,0.13701390228325697,8.618791876726352,31.883809177733287,0.0,0.0
1397,2022-11-10 14:00:00+00:00,1471.4983245572043,2.6877976093796505,0.13766475123939173,0.9472450724172229,2.8347221501054896,0.42947583679147366,2.1358075337991704,2.5868647802487583,0.32239033351184476,0.5411095685289516,2.0284697455579703,0.8615801732580077,4.588004694485478,28.945860274134866,35.31124848742001,24.5,0.6604979706166516,0.4351867234348066,0.1712997534256921,0.7514863885177588,1.3221766830978376,1.6050176406330596,0.031624317142857086,0.39029995273060464,0.19211567832934515,9.551040138123525,31.902416804907265,0.0,0.0
1398,2022-11-10 14:30:00+00:00,957.3535608933839,2.665807716002309,0.12537278850828978,0.8470670866074543,2.738768707559141,0.49414607907992947,2.2019831725364427,2.8299908238840787,0.2712220295779828,0.5467529117954929,1.9683554980120517,0.8741505774970167,4.574106457369332,29.217067269163216,35.25880298302066,24.5,0.6584897410654206,0.4462445665173847,0.17086633725171632,0.738888849586882,1.3298049763257602,1.666562522197952,0.0,0.44383614962885265,0.1887238890929447,10.907850306725553,32.11221023421591,0.0,0.0
1399,2022-11-10 15:00:00+00:00,1480.0,2.5868918572069624,0.13832152817239501,0.9090087849316638,2.6173747661228943,0.5014520956565124,2.2022822239287683,2.354651627283299,0.24411962285714242,0.5269063731215796,1.9269680741170112,0.8679033500393436,4.615733058388534,29.497326184951415,35.307225818882294,24.5,0.6416860542429603,0.4556185762832316,0.1711489415756152,0.7327274469875612,1.334531166277767,1.5755683388058765,0.01892874300598804,0.4013408281382639,0.1968128733404803,9.431541737390225,32.347028059823586,0.0,0.0
1400,2022-11-10 15:30:00+00:00,1480.0,2.373427442849038,0.19431718701872247,0.9157578346881968,2.7061146855902822,0.5699012687845854,2.355957689711705,1.9242651764117287,0.20578608773531268,0.5102522609753365,1.8485635689359183,0.9199525587596444,4.889764760986558,29.662386893401113,35.24647931213075,24.5,0.6455682143180536,0.43462853641102356,0.16832074827338026,0.7318997000109679,1.3486697812822048,1.0037034463660592,0.04890542452050271,0.21414987412466854,0.08529541602514144,5.907064457824423,32.73510987458676,0.0,0.0
1401,2022-11-10 16:00:00+00:00,1480.0,2.4554491776315954,0.18518382309592735,0.909607294945825,2.8482201532474662,0.6284755005020192,2.336343528002258,2.255031109580684,0.2427462134273303,0.5094482737176591,1.9249701430830106,0.8416058068184377,4.86328380497174,29.582347154273297,35.2827239156504,24.5,0.6602707604032306,0.41573874889902934,0.1669994520840229,0.7408012912521525,1.3558383227790392,1.2165267956072963,0.05453462263781637,0.25861656963694235,0.10298001710767207,7.598491012665788,33.0234513350919,0.0,0.0
1402,2022-11-10 16:30:00+00:00,1480.0,2.5145006176783675,0.20757970977937168,0.9868030139456123,2.9129461106962693,0.6803042972517352,2.4243193173004896,2.1272383235280707,0.3304554153620143,0.5200148264198813,1.997460616095533,0.9030407665065244,4.994369776380521,29.561181167168577,35.317421799445604,24.417706747844633,0.6620029717747626,0.4458776789131595,0.16683153302816664,0.7318630756175699,1.356845862188208,1.0424167609544606,0.10576874734561625,0.21079789871977656,0.07063822464362984,6.543830225238678,33.21478218012062,0.0,0.0
1403,2022-11-10 17:00:00+00:00,1480.0,2.673936848405645,0.13681733263778637,0.870016106625194,2.785400743678172,0.6991859506831025,2.294616899306936,3.06819234103896,0.28350996367534453,0.5452354542378683,2.0823288676439873,0.8172824853042593,4.529961925706812,29.49935399650362,35.339825764192305,24.400000000000915,0.6348702373578072,0.4162027747505291,0.16564950637873674,0.732307678719481,1.359714799098625,1.6941431020702664,0.0071184454040715585,0.4727981137105433,0.18201331500241982,10.96212702053672,33.4979714754309,0.0,0.0
1404,2022-11-10 17:30:00+00:00,1480.0,2.635768662449807,0.1458644476659491,0.8538475726887568,2.828627393746917,0.7581409955961852,2.4715328763090985,3.122356662408382,0.2687373333620698,0.5514545657106896,2.087733474365903,0.8359411786554978,4.560448122580647,29.383757424804955,35.20123849523818,24.399299306307185,0.6592629012108352,0.4008254538850464,0.16703471108916187,0.7373603054939244,1.361934530538582,1.663536738539001,0.009205520176159717,0.4435113449709454,0.19879514438237098,11.594513507990719,33.59203339167225,0.0,0.0
1405,2022-11-10 18:00:00+00:00,1480.0,2.6857427395219826,0.1622148618491412,0.9004339438233561,2.8274282003318687,0.7483410639756857,2.6449100697035064,3.0422655502659395,0.3244165325717623,0.5716394953842112,2.110098298461537,0.832203989491525,4.542262433017823,29.47776841686211,35.21966440054506,24.453061224489957,0.6560804095381961,0.43037002236248084,0.16881221289905987,0.7369527292722834,1.349285158574493,1.6666501312419129,0.03223484123870964,0.43090181860783,0.16562073849178266,11.818302164580764,33.768535496402535,0.0,0.0
1406,2022-11-10 18:30:00+00:00,1480.0,2.54180277343842,0.16065510792857146,0.8864777999844804,2.757555960920822,0.8023634719935903,2.654210608700313,2.6794201274100913,0.24914882917078524,0.5446585029722533,2.044050661256264,0.8552280854978549,4.7594695791732065,29.53520105458529,35.20393950313341,24.5874999999989,0.6369257092978343,0.4227458098858199,0.16670332087845305,0.7368170005369602,1.3610153345091134,1.3626075907732342,0.022204500862342914,0.3547728826182952,0.1351021998620693,8.928695752549002,34.05562004774508,0.0,1.0
1407,2022-11-10 19:00:00+00:00,1480.0,2.586151067536889,0.16333186701877414,0.889164516163931,2.7980530203342693,0.7630988224423669,2.5229786991443732,2.9593217298735524,0.34256447543161467,0.5882166504449201,2.1750125739130497,0.8795032937025046,4.7542773827167375,29.44889140323505,35.09758421400404,24.715420934649917,0.6213460045819561,0.41828957804395656,0.16726991625868634,0.7199003612627443,1.3648479340303132,1.521241892964829,0.02733743553016988,0.40423648456534966,0.1750464310526976,10.531394824534184,34.21863403823208,0.0,1.0
1408,2022-11-10 19:30:00+00:00,1480.0,2.5254823330513023,0.1593004644598627,0.8723180064819127,2.777053867176019,0.8667262591123899,2.7526266418253056,3.0238385520266515,0.27385957969422325,0.545593067796793,2.077793705571338,0.8486375497756076,4.676721599159202,29.26547316584494,35.186993460139945,24.800001000000968,0.6445686493540962,0.4076993400900946,0.16762426534231872,0.7172129534782665,1.3602678258620704,1.5716001935420756,0.020925084823411353,0.4005842453627791,0.1851930559446596,11.575826347898591,34.44421738500345,0.0,1.0
1409,2022-11-10 20:00:00+00:00,1480.0,2.0165482213227497,0.25037752938507923,0.9256021148549237,2.728748535020655,0.956991761293328,2.9955627759466434,1.023755436618699,0.13837785480673068,0.39164256550375154,1.630476763880449,0.9287082105776864,5.150080185611084,29.172776751887753,35.1937387056076,24.800001000001032,0.6601238708799525,0.4176203664223187,0.16716007292826562,0.7132319723553441,1.3659143238019207,0.3206315593160803,0.13599032003147699,0.0,0.0,0.002457535885167464,34.446538509689155,0.0,1.0
1410,2022-11-10 20:30:00+00:00,1480.0,2.03849513985882,0.2464198478016083,0.9060430319372766,2.701006994280062,0.9240829604837119,2.8171439559270306,1.0280460017274147,0.1410174833554023,0.38887611748055795,1.6350619476534334,0.9089366842872258,5.146566800000013,28.675774075969304,35.16692531823604,24.80000100000068,0.663659910569398,0.4306340462065275,0.166131751798941,0.7176618862767113,1.3700202225956633,0.3060424250657109,0.12797408831226262,0.0,0.0,0.1315744348363187,34.50876624874371,0.0,1.0
1411,2022-11-10 21:00:00+00:00,1480.0,2.4354925255675672,0.23084892535917897,0.8832194219501133,2.7645642034013567,0.6492161804958255,2.4186555464810926,2.735465861478267,0.35854283823076916,0.6050404402424984,2.365754404833149,0.8836178887689694,5.0816512612884885,28.374729209032562,35.113185675803564,24.83601478038054,0.6718110041676305,0.4328482728023238,0.16531549111111035,0.7357661866779159,1.3640083655401651,1.122473552245031,0.313552730101506,0.10884407542590165,0.0613084014225721,4.917968754886217,34.506275910508855,0.0,1.0
1412,2022-11-10 21:30:00+00:00,1480.0,2.7407003131046173,0.19487500762556972,0.9425499050899163,2.8742982327986732,0.5527118097216163,2.228815347557555,4.622215597507433,0.6703895882157165,0.9890302281889304,3.4266651283082057,0.8757919522357528,4.901239283407835,28.38625922838126,35.14066999017857,24.90000000000096,0.6620805174676815,0.43317424774229735,0.164877689867769,0.7590426087917073,1.3414559203031917,1.790757102947574,0.3215192794382751,0.24351354105541248,0.10997692275483502,8.71490346488359,34.454581546366285,0.0,1.0
1413,2022-11-10 22:00:00+00:00,1480.0,2.3622333876779793,0.20590984322404474,0.9050778413656219,2.7734446671714443,0.53767356605106,2.2382157227142145,3.37605219528161,0.3555061040088608,0.7349458110405213,2.52961126737997,0.9115769205779409,5.189410339158933,28.66281627196838,35.156989143885056,24.961567773543873,0.6428260409430893,0.430998296529212,0.16319050607821406,0.7568260891442973,1.3378683593822813,1.14159620713098,0.19482625045747384,0.13344636324712617,0.06585537925896176,5.162211121339954,34.42085544705929,0.0,1.0
1414,2022-11-10 22:30:00+00:00,1480.0,2.6597635313156056,0.2155173504997059,0.8872977356467834,2.826571259827478,0.49927120666465113,2.1703702535087643,4.360183093821963,0.7017428113379426,0.9328326623919646,3.1753243366120323,0.8687036084642833,5.245084680687993,28.31266492874816,35.080324704645385,25.0,0.6520930311900609,0.4439073462689284,0.1627054818119564,0.7591157674999972,1.3533247595783122,1.7515095227297313,0.4691580902706919,0.18313975236516836,0.10990131144379052,8.290860568643483,34.43242200489877,0.0,1.0
1415,2022-11-10 23:00:00+00:00,1480.0,2.754283478555914,0.19443215383759818,0.9233076879617488,2.758617562527841,0.5108349865147176,2.2483591539717267,5.147669122580655,0.6822305309862406,1.0997290342125783,3.6087162472207406,0.855635315275978,4.944178033047459,28.545542521715664,35.14269809121789,25.0,0.6492268600426009,0.45036711181309474,0.16573401869962318,0.755262268471165,1.3349196636120018,1.983841613543017,0.5087710739681841,0.2523887970874913,0.15207156110822034,9.486266608402383,34.44691797827432,0.0,1.0
1416,2022-11-10 23:30:00+00:00,1480.0,2.7071674138686235,0.19701887520255304,0.9443882005447858,2.716187555518597,0.5578926704200714,2.3103385337941504,5.2707030210526105,0.6620604979310339,1.036591397002882,3.436657070173487,0.8415474978640737,5.019397301696733,28.720104955440515,35.145799345313364,24.938817097416397,0.6487992299546214,0.4072926467436746,0.1647871338338824,0.754098755457568,1.3267715318921949,2.006134860295251,0.46148876259614235,0.22713094618357027,0.1288542640201892,10.006989453495448,34.47900856736697,0.0,1.0
1417,2022-11-11 00:00:00+00:00,1480.0,2.6321082784733805,0.2164237377966096,0.9499014597207962,2.7697751578809875,0.5722738823488274,2.3252284074566405,3.9740568150133675,0.63397503665603,0.9107929335341621,3.0619761397810397,0.835118318833421,5.061394221293511,28.65984545891434,35.26405298002919,24.787579587918948,0.6428245322899893,0.42112516494040486,0.16386667022047122,0.7494934811553854,1.3385255321095904,1.5675155543059296,0.4534470368867232,0.16338418317215178,0.09658131511468457,8.19174252990476,34.50708576660572,0.0,1.0
1418,2022-11-11 00:30:00+00:00,1480.0,2.6888289725479515,0.19447409307146815,0.9178691030551024,2.7706884298226853,0.61025251726415,2.3231695551873943,5.236363584183678,0.573038356566665,0.9712124783074222,3.3323980824058426,0.8341694181116623,4.890112890269362,28.69811764624694,35.202159756298194,24.63049868766318,0.6452595930921071,0.4348080105087815,0.16437515471985426,0.7469406360859792,1.3486625516304354,2.004977268947013,0.36781879360472863,0.26130408978862757,0.13532065476731076,11.123211625895673,34.58924217096141,0.0,1.0
1419,2022-11-11 01:00:00+00:00,1480.0,2.142037690836881,0.23114900964157598,0.8803699061350662,2.710957655331575,0.7336627969095759,2.414081791883111,2.016954033830687,0.24840956166398445,0.5520089654760691,2.051254633519269,0.9519634040918441,5.257868618421032,28.742011079470267,35.20881391767544,24.599999999999078,0.6501822803955073,0.4305081492035899,0.16191815555122607,0.736854191655705,1.3484978646288115,0.6301402464698643,0.14803149155919354,0.05531821318651522,0.027185411151975643,2.6448128902665817,34.681283143579776,0.0,1.0
1420,2022-11-11 01:30:00+00:00,1480.0,2.0246954448501455,0.24415666218884113,0.879802143460574,2.7568761482217345,0.6912936274871048,2.4053121150700463,1.05375445772606,0.1410984505181345,0.40923634186404884,1.6411575270165701,0.9581311530111135,5.265052377245861,28.41878292355676,35.17313902968385,24.63105110896684,0.6431949534816886,0.4227234686484948,0.16022259308662312,0.7236457744916965,1.3607291382709221,0.30320492418875195,0.05349834945142116,0.013695536389073957,0.00679310344827586,0.36629713089005234,34.80642836012709,0.0,1.0
1421,2022-11-11 02:00:00+00:00,1480.0,2.67314832710494,0.1984578659026199,0.9086325625267335,2.7473394502702724,0.5251013071487094,2.286193275086493,4.2301908892095215,0.568493220348906,0.9254823179676859,3.1383455527965545,0.8766331812571472,5.014792145609904,28.1802060848264,35.172854274710005,24.66836461125853,0.6702928096004805,0.4681929783218098,0.16206527343114033,0.7425533848860931,1.3614791944539815,1.72160592547231,0.3802293866653664,0.20264626993363388,0.11872117969461918,8.474822823124988,34.86049699295343,0.0,1.0
1422,2022-11-11 02:30:00+00:00,1480.0,2.6610915412258938,0.19558989467313778,0.8964822635136496,2.7572828379410352,0.4724243587245415,2.218731265049495,4.758138923456755,0.5679084577288993,0.9387396911172086,3.199441300748655,0.8869861720739209,5.067574223681556,28.263614925295805,35.13219120616013,24.699999999999175,0.6668496760995168,0.3970689801117061,0.16201888053727087,0.7586382617843099,1.3380025931945156,1.8550668541928024,0.45100346033582145,0.20933976642650565,0.12077658719414583,9.294052371640925,34.78370700598156,0.0,1.0
1423,2022-11-11 03:00:00+00:00,1480.0,2.7565871830143185,0.19423146118694243,0.9209870990033512,2.7900345368088977,0.5280192734087619,2.3379479168003936,5.352866217290188,0.6198464522554517,1.0679545503885473,3.5650117485507127,0.8372292312605827,5.213303680708509,28.18952414999932,35.20742616111613,24.699999999999367,0.6505862998891839,0.44472652062829826,0.16289329377179126,0.7666970313133414,1.331831797310133,2.0602908276531826,0.4815163842787884,0.24675208888882363,0.15131200635600045,10.097749471068433,34.61159546588881,0.0,1.0
1424,2022-11-11 03:30:00+00:00,1480.0,2.7141586652685237,0.1797736516365561,0.9167749755856728,2.6885847061794785,0.5466808003342618,2.3394781387669847,5.657488315584414,0.6051943110285656,1.0332362367568957,3.525933003329637,0.8402802439947233,5.1343437496438336,28.39924606856823,35.13743473130492,24.69999999999913,0.6506346760972647,0.4153154315652674,0.16318587423856537,0.7673385316896596,1.3338643160360408,2.055125397250637,0.48921913305591486,0.24030056389551413,0.1567440792972644,11.29635719717206,34.795059087500356,0.0,1.0
1425,2022-11-11 04:00:00+00:00,1480.0,2.7282999206738983,0.1900081327735641,0.935409028453914,2.7255780979956974,0.5852156976324335,2.392506537823277,5.281203674715146,0.6261416437405432,1.0396287265091706,3.510771035525611,0.8657118538284521,4.970103036020681,28.62746100930466,35.22280662318161,24.699999999999175,0.6507034974999969,0.4439743329016381,0.1642359005925924,0.7786080852749043,1.3338080243121868,1.9928234916405687,0.4148192026814274,0.2482537014553621,0.12719035676271176,10.6725599778828,34.905684888888736,0.0,1.0
1426,2022-11-11 04:30:00+00:00,1480.0,2.4544168872230854,0.20444670972979664,0.9356028849472536,2.6797859197620193,0.626613349249738,2.458330874198474,3.8741235850136695,0.4637385416117769,0.8213755277728051,2.9025709420127734,0.9038916085829275,5.20417419530795,28.698075396055245,35.23572801679119,24.565492622560424,0.6459716036085754,0.42403665096164855,0.1624306126330231,0.7698501098407466,1.3319814034382325,1.2764827852856175,0.41358137278206974,0.13513357996389827,0.09333292805385562,6.301854698355665,34.95310000679439,0.0,1.0
1427,2022-11-11 05:00:00+00:00,1480.0,2.65649135507585,0.2024670318181805,0.8985598076494231,2.7603139761762923,0.5876132829336864,2.2890582083845734,4.689437943893156,0.6211123482715364,0.9831742703162732,3.30044338888891,0.8506547282706379,5.091168789638285,28.391712237988497,35.24876549346251,24.49108910891102,0.6402039569290398,0.41086513756387144,0.16442941013419,0.7623230956769282,1.3403362586206842,1.7310646237843443,0.38251352968310803,0.20842912380864584,0.1027034386644652,8.331973948450901,34.976653007884025,0.0,1.0
1428,2022-11-11 05:30:00+00:00,1480.0,2.7168583510983404,0.19430236106819637,0.8964075074425275,2.7836241346950903,0.6485067714738683,2.4469429605005293,5.451298212114683,0.6141426368977281,1.0580680470011161,3.571334459928876,0.8665752610520329,4.988976906324594,28.43639998664351,35.20883904830424,24.5,0.6700903923331353,0.4188555432294586,0.16400234604569544,0.7834304927814597,1.3322574770442175,2.0215998076872053,0.41267883447517456,0.25724792097302485,0.12148385510917298,10.791845210689624,35.11267994813854,0.0,1.0
1429,2022-11-11 06:00:00+00:00,1480.0,2.77107928704751,0.21432980645811184,0.9489082761868098,2.81261454379676,0.7062518100713074,2.434683006233056,5.499527194266837,0.6673311392124217,1.0077387091626693,3.420181663430092,0.8599166597625332,5.046140669230795,28.66534919426054,35.20855159150334,24.55490616621904,0.6575734407138705,0.4064695281541032,0.1639607973011357,0.7778821259834702,1.3276909940129356,2.043023824787502,0.5013149364456715,0.2419232268080447,0.12243808802278022,10.550761495768233,35.30299054438928,0.0,1.0
1430,2022-11-11 06:30:00+00:00,1480.0,2.3428018346633324,0.22705329048794004,0.9700502801573836,2.762930860710055,0.6492171053321478,2.363713830043621,2.5478117180347293,0.4555951239988877,0.7964779338546536,2.568277042546241,0.9244228202701147,5.1828507489019815,28.732042466160895,35.17846472875978,24.599999999999053,0.6264436459886649,0.42376234345132807,0.16441259074592074,0.7796154643808281,1.3321646743995388,0.9653820476463356,0.32403805945994646,0.08883899196113497,0.04961051543445218,4.272529377191868,35.24278717693306,0.0,1.0
1431,2022-11-11 07:00:00+00:00,1480.0,2.7517505061427863,0.1827382762736001,0.8974613670597898,2.7335594814597552,0.6470201017010611,2.3768495557944926,5.365746294722226,0.5647492912478055,1.008901830493758,3.3865387579056367,0.8690323830566052,4.936831369871016,28.57515601446048,35.21206694036074,24.668317802843823,0.6538723371083679,0.4170100049764958,0.16703733201671123,0.7904451066818456,1.3321612542203922,2.04376993549812,0.40963431353411045,0.24832426585396092,0.13174938866358005,9.702158474756006,35.370471363345914,0.0,1.0
1432,2022-11-11 07:30:00+00:00,1480.0,2.716320999266508,0.1944059179975873,0.9006370213820567,2.7572865180608113,0.7603155915441169,2.4701232615291335,5.39497075477124,0.6163722404325044,1.05139819191358,3.4315992180180537,0.8444071410261562,4.9600225242656535,28.567153313010817,35.12709400591145,24.618709354676437,0.6687486135485895,0.4283495249877141,0.1653665232783771,0.801216532996274,1.325031510508698,1.9896152942713579,0.3903693430687764,0.26420613797910913,0.15148647213328859,9.85227420128463,35.39214517066267,0.0,1.0
1434,2022-11-11 08:30:00+00:00,1480.0,2.70208680684541,0.1876036624871493,0.9172667101680672,2.766466920753659,0.7144869114823255,2.459768656891656,5.377708574970501,0.5431674867583723,0.9678360092466625,3.2577037750726507,0.8610648279278796,5.003778972862035,28.369212697780277,35.18532598153541,24.685124354762284,0.6712027567717027,0.43511963879788024,0.16672086942012204,0.80585000530175,1.3318480234797343,2.0297268677354694,0.3305073343075897,0.2804435745914199,0.10217377212316903,10.443564984496131,35.39238881848178,0.0,1.0
1435,2022-11-11 09:00:00+00:00,1480.0,2.724943249052407,0.1945244877377611,0.9600212909451935,2.781565485794839,0.6367617879314329,2.4625638071182463,4.969187902962381,0.6576745738963984,1.0795275189531501,3.397415451125414,0.8605698791463442,5.087231536940252,28.354115846153565,35.11739589620374,24.69698825931543,0.6575576437865124,0.4513256466362179,0.1671971053114916,0.8124815546787889,1.3262896369553114,1.8368959129262312,0.3673409951864814,0.22936258348596658,0.12609855194251418,9.591044756204372,35.395241472658654,0.0,1.0
1436,2022-11-11 09:30:00+00:00,1480.0,2.6875345402636324,0.1872801817636033,0.9366302561258042,2.7771580284263937,0.6365265980085578,2.3907987512863547,5.181446069899435,0.6321602874985236,1.0163079195296238,3.449429218502745,0.8638039796577719,4.867876833075087,28.1408514355219,35.166059550425445,24.599999999999,0.681063582699715,0.43910656830373407,0.16844163397995174,0.8145208663786752,1.3265606878122982,2.0311861059771683,0.34965113040567936,0.27175238968299414,0.12384646935555481,10.27907518543757,35.411453522696796,0.0,1.0
1437,2022-11-11 10:00:00+00:00,1480.0,2.606748421432206,0.1871893312990928,0.9777405358324717,2.7138287990740895,0.658352405603173,2.4413106952525276,4.434296383258161,0.506044393988906,0.931963423393445,3.1100226969012774,0.8596756690946714,5.025484781694417,28.1061773972956,35.18827590115678,24.602753246752346,0.6454086808025353,0.44535551432171705,0.16912324166057216,0.821047850761957,1.3301075667695532,1.6476577700408899,0.39600469235280206,0.1776872015414643,0.10053302875550409,8.289097984319538,35.40419854480731,0.0,0.0
1438,2022-11-11 10:30:00+00:00,1480.0,2.495060281883184,0.19718083278215967,0.9059869079713606,2.7628733508226597,0.5809171828402367,2.3034736503075113,3.759995975717678,0.5015439709054871,0.8417714093268654,2.9550950340386914,0.9031558277770944,5.059003132622822,28.317076259880107,35.15530740223702,24.60018639328892,0.6320959114632616,0.4705446486188172,0.16411317744910128,0.8050360701621534,1.334131517294188,1.4482743217040044,0.27074129741420866,0.16424039851153083,0.08250541035183842,7.658434919233394,35.52666576494836,0.0,0.0
