time,AM_rpm_act,Ana_hava_debi_act,Ana_hava_sic_act,Bit_control,Deng_hava_bas_act,Deng_hava_debi_act,Deng_hava_sic_act,Frn_grup_sic_act,Hid_emn_bas_act,Kalip_no,Kavr_hava_debi_act,Kavr_hava_sic_act,Koc_ton_act,Reg_poz_act,Rob_ctr_sic_act,Robot_hava_debi_act,Robot_hava_sic_act,Yaglama_bas_act,Yaglama_sic_act,Yedek1,Yedek2
2023-01-02 20:15:08.377205+00:00,0.0,12.36,18.1,0.0,2.9622397,0.0,20.1,19.5,148.0,,3.86,17.9,0.0,807.83386,22.4,3.6899998,17.2,1.0,18.4,10.0,20.0
2023-01-02 20:15:08.377261+00:00,0.0,12.36,18.1,0.0,2.9622397,0.0,20.1,19.5,148.0,,3.86,17.9,0.0,807.83386,22.4,3.6899998,17.2,1.0,18.4,10.0,20.0
2023-01-02 20:15:08.377372+00:00,0.0,12.84,18.1,0.0,2.9593463,0.0,20.1,19.5,148.0,,3.86,17.9,0.0,807.83386,22.4,3.6899998,17.2,1.0,18.4,10.0,20.0
2023-01-02 20:15:08.377464+00:00,0.0,12.84,18.1,0.0,2.9593463,0.0,20.1,19.5,148.0,,3.86,17.9,0.0,807.83386,22.4,3.6899998,17.0,1.0,18.4,10.0,20.0
2023-01-02 20:15:08.377572+00:00,0.0,12.84,18.1,0.0,2.9593463,0.0,20.1,19.5,148.0,,3.86,17.9,0.0,807.83386,22.4,5.42,17.0,1.0,18.4,10.0,20.0
2023-01-02 20:15:08.377716+00:00,0.0,12.84,18.1,0.0,2.9593463,0.0,20.1,19.5,148.0,,3.6,17.9,0.0,807.83386,22.4,5.42,17.0,1.0,18.4,10.0,20.0
2023-01-02 20:15:18.363770+00:00,0.0,12.9,18.1,0.0,2.9593463,0.0,20.1,19.5,148.0,,3.6,17.9,0.0,807.83386,22.4,5.42,16.9,1.0,18.4,10.0,20.0
2023-01-02 20:15:18.363773+00:00,0.0,12.9,18.1,0.0,2.9593463,0.0,20.1,19.5,148.0,,3.6,17.9,0.0,807.83386,22.4,5.42,16.9,1.0,18.4,10.0,20.0
2023-01-02 20:15:18.363883+00:00,0.0,12.9,18.1,0.0,2.9593463,0.0,20.1,19.5,148.0,,3.6,17.9,0.0,807.83386,22.4,15.73,16.9,1.0,18.4,10.0,20.0
2023-01-02 20:15:18.363902+00:00,0.0,12.9,18.1,0.0,2.9593463,0.0,20.1,19.5,149.0,,3.6,17.9,0.0,807.83386,22.4,15.73,16.9,1.0,18.4,10.0,20.0
2023-01-02 20:15:18.363917+00:00,0.0,12.88,18.1,0.0,2.958261,0.0,20.1,19.5,149.0,,3.4299998,17.9,0.0,807.83386,22.4,15.73,16.6,1.0,18.4,10.0,20.0
2023-01-02 20:15:18.364045+00:00,0.0,12.88,18.1,0.0,2.958261,0.0,20.1,19.5,149.0,,3.4299998,17.9,0.0,807.83386,22.4,15.73,16.6,1.0,18.4,10.0,20.0
2023-01-02 20:15:18.364191+00:00,0.0,12.88,18.1,0.0,2.958261,0.0,20.1,19.5,149.0,,3.4299998,17.9,0.0,807.83386,22.4,15.73,16.6,1.0,18.4,10.0,20.0
2023-01-02 20:15:18.364240+00:00,0.0,12.69,18.1,0.0,2.958261,0.0,20.1,19.5,149.0,,3.4299998,17.9,0.0,807.83386,22.4,15.73,16.6,1.0,18.4,10.0,20.0
2023-01-02 20:15:18.364258+00:00,0.0,12.69,18.1,0.0,2.958261,0.0,20.1,19.5,149.0,,3.4299998,17.9,0.0,807.83386,22.4,31.25,16.300001,1.0,18.4,10.0,20.0
2023-01-02 20:15:18.364310+00:00,0.0,12.69,18.1,0.0,2.958261,0.0,20.1,19.5,148.0,,3.4299998,17.9,0.0,807.83386,22.4,31.25,16.300001,1.0,18.4,10.0,20.0
2023-01-02 20:15:18.364470+00:00,0.0,12.69,18.0,0.0,2.958261,0.0,20.1,19.5,148.0,,3.1399999,17.9,0.0,807.83386,22.4,31.25,16.5,1.0,18.4,10.0,20.0
2023-01-02 20:15:18.364520+00:00,0.0,12.54,18.0,0.0,2.958261,0.0,20.1,19.5,148.0,,3.1399999,17.9,0.0,807.83386,22.4,31.25,16.5,1.0,18.4,10.0,20.0
2023-01-02 20:15:28.366899+00:00,0.0,12.54,18.0,0.0,2.958261,0.0,20.1,19.5,148.0,,3.1399999,17.9,0.0,807.83386,22.4,38.559998,16.5,1.0,18.4,10.0,20.0
2023-01-02 20:15:28.366955+00:00,0.0,12.54,18.0,0.0,2.958261,0.0,20.1,19.5,148.0,,3.1399999,17.9,0.0,807.83386,22.4,38.559998,16.5,1.0,18.4,10.0,20.0
2023-01-02 20:15:28.367567+00:00,0.0,12.54,18.1,0.0,2.958261,0.0,20.1,19.5,148.0,,2.95,17.9,0.0,807.83386,22.4,38.559998,16.5,1.0,18.4,10.0,20.0
2023-01-02 20:15:28.367658+00:00,0.0,12.16,18.1,0.0,2.9586225,0.0,20.1,19.5,148.0,,2.95,17.9,0.0,807.83386,22.4,38.559998,16.800001,1.0,18.4,10.0,20.0
2023-01-02 20:15:28.370167+00:00,0.0,12.16,18.1,0.0,2.9586225,0.0,20.1,19.5,148.0,,2.95,17.9,0.0,807.83386,22.4,38.559998,16.800001,1.0,18.4,10.0,20.0
2023-01-02 20:15:28.370229+00:00,0.0,12.16,18.1,0.0,2.9586225,0.0,20.1,19.5,148.0,,2.95,17.9,0.0,807.83386,22.4,18.18,16.800001,1.0,18.4,10.0,20.0
2023-01-02 20:15:28.370341+00:00,0.0,12.16,18.0,0.0,2.9586225,0.0,20.2,19.5,148.0,,2.95,17.9,0.0,807.83386,22.4,18.18,16.800001,1.0,18.4,10.0,20.0
2023-01-02 20:15:28.370388+00:00,0.0,11.4,18.0,0.0,2.9578993,0.0,20.2,19.5,148.0,,2.57,17.9,0.0,807.83386,22.4,18.18,16.9,1.0,18.4,10.0,20.0
2023-01-02 20:15:28.370435+00:00,0.0,11.4,18.0,0.0,2.9578993,0.0,20.2,19.5,148.0,,2.57,17.9,0.0,807.83386,22.4,18.18,16.9,1.0,18.4,10.0,20.0
2023-01-02 20:15:28.370518+00:00,0.0,11.4,18.0,0.0,2.9578993,0.0,20.2,19.5,148.0,,2.57,17.9,0.0,807.83386,22.4,5.44,16.9,1.0,18.4,10.0,20.0
2023-01-02 20:15:28.370786+00:00,0.0,11.4,18.1,0.0,2.9578993,0.0,20.2,19.5,148.0,,2.57,17.9,0.0,807.83386,22.4,5.44,16.9,1.0,18.4,10.0,20.0
2023-01-02 20:15:28.370838+00:00,0.0,10.88,18.1,0.0,2.9578993,0.0,20.2,19.5,148.0,,2.4299998,17.9,0.0,807.83386,22.4,5.44,17.0,1.0,18.4,10.0,20.0
2023-01-02 20:15:28.370893+00:00,0.0,10.88,18.1,0.0,2.9578993,0.0,20.2,19.5,148.0,,2.4299998,17.9,0.0,807.83386,22.4,5.44,17.0,1.0,18.4,10.0,20.0
2023-01-02 20:15:28.370944+00:00,0.0,10.88,18.1,0.0,2.9578993,0.0,20.2,19.5,148.0,,2.4299998,17.9,0.0,807.83386,22.4,5.44,17.0,1.0,18.4,10.0,20.0
2023-01-02 20:15:28.371036+00:00,0.0,10.88,18.0,0.0,2.9578993,0.0,20.2,19.5,148.0,,2.4299998,17.9,0.0,807.83386,22.4,3.99,17.0,1.0,18.4,10.0,20.0
2023-01-02 20:15:28.371145+00:00,0.0,11.46,18.1,0.0,2.9578993,0.0,20.2,19.5,148.0,,2.4299998,17.9,0.0,807.83386,22.4,3.99,17.1,1.0,18.4,10.0,20.0
2023-01-02 20:15:28.371195+00:00,0.0,11.46,18.1,0.0,2.9578993,0.0,20.2,19.5,148.0,,3.1299999,17.9,0.0,807.83386,22.4,3.99,17.1,1.0,18.4,10.0,20.0
2023-01-02 20:15:28.371241+00:00,0.0,11.46,18.1,0.0,2.9578993,0.0,20.2,19.5,148.0,,3.1299999,17.9,0.0,807.83386,22.4,3.99,17.1,1.0,18.4,10.0,20.0
2023-01-02 20:15:38.366218+00:00,0.0,11.46,18.1,0.0,2.9578993,0.0,20.2,19.5,148.0,,3.1299999,17.9,0.0,807.83386,22.4,4.11,17.1,1.0,18.4,10.0,20.0
2023-01-02 20:15:38.368036+00:00,0.0,12.53,18.1,0.0,2.9578993,0.0,20.2,19.5,148.0,,3.1299999,17.9,0.0,807.83386,22.4,4.11,17.2,1.0,18.4,10.0,20.0
2023-01-02 20:15:38.368947+00:00,0.0,13.0199995,18.1,0.0,2.9578993,0.0,20.2,19.5,148.0,,3.4299998,17.9,0.0,807.83386,22.4,4.11,17.300001,1.0,18.4,10.0,20.0
2023-01-02 20:15:38.368969+00:00,0.0,13.0199995,18.1,0.0,2.958261,0.0,20.2,19.5,148.0,,3.4299998,17.9,0.0,807.83386,22.4,4.11,17.300001,1.0,18.4,10.0,20.0
2023-01-02 20:15:38.369004+00:00,0.0,13.0199995,18.1,0.0,2.9578993,0.0,20.2,19.5,148.0,,3.4299998,17.9,0.0,807.83386,22.4,4.11,17.300001,1.0,18.4,10.0,20.0
2023-01-02 20:15:38.369284+00:00,0.0,13.21,18.1,0.0,2.9575374,0.0,20.2,19.5,148.0,,3.4299998,17.9,0.0,807.83386,22.4,4.2599998,17.300001,1.0,18.4,10.0,20.0
2023-01-02 20:15:38.369551+00:00,0.0,13.009999,18.1,0.0,2.9575374,0.0,20.2,19.5,148.0,,3.4299998,18.0,0.0,807.83386,22.4,4.25,17.4,1.0,18.4,10.0,20.0
2023-01-02 20:15:38.370904+00:00,0.0,12.559999,18.1,0.0,2.9575374,0.0,20.2,19.5,148.0,,3.6699998,18.0,0.0,807.83386,22.4,4.25,17.5,1.0,18.4,10.0,20.0
2023-01-02 20:15:38.371080+00:00,0.0,12.429999,18.1,0.0,2.9531975,0.0,20.2,19.5,148.0,,3.4199998,18.0,0.0,807.83386,22.4,4.25,17.5,1.0,18.4,10.0,20.0
2023-01-02 20:15:38.371476+00:00,0.0,12.429999,18.1,0.0,2.9535592,0.0,20.300001,19.5,148.0,,3.4199998,18.0,0.0,807.83386,22.4,4.12,17.5,1.0,18.4,10.0,20.0
2023-01-02 20:15:38.372536+00:00,0.0,12.429999,18.1,0.0,2.9510272,0.0,20.300001,19.5,148.0,,3.4199998,18.0,0.0,807.83386,22.4,4.12,17.5,1.0,18.4,10.0,20.0
2023-01-02 20:15:38.372945+00:00,0.0,12.429999,18.0,0.0,2.9506657,0.0,20.300001,19.5,148.0,,3.22,18.1,0.0,807.83386,22.4,4.12,17.5,1.0,18.4,10.0,20.0
2023-01-02 20:15:38.373003+00:00,0.0,12.429999,18.0,0.0,2.9506657,0.0,20.300001,19.5,148.0,,3.22,18.1,0.0,807.83386,22.4,3.9399998,17.5,1.0,18.4,10.0,20.0
2023-01-02 20:15:38.373055+00:00,0.0,12.099999,18.0,0.0,2.9506657,0.0,20.300001,19.5,148.0,,3.22,18.1,0.0,807.83386,22.4,3.9399998,17.5,1.0,18.4,10.0,20.0
2023-01-02 20:15:38.373619+00:00,0.0,12.099999,18.0,0.0,2.9506657,0.0,20.300001,19.5,148.0,,2.86,18.1,0.0,807.83386,22.4,3.9399998,17.5,1.0,18.4,10.0,20.0
2023-01-02 20:15:38.374053+00:00,0.0,12.099999,18.0,0.0,2.9506657,0.0,20.2,19.5,148.0,,2.36,18.1,0.0,807.83386,22.4,3.9399998,17.5,1.0,18.4,10.0,20.0
2023-01-02 20:15:38.374535+00:00,0.0,12.099999,18.0,0.0,2.9506657,0.0,20.2,19.5,148.0,,2.36,18.1,0.0,807.83386,22.4,3.9399998,17.5,1.0,18.4,10.0,20.0
2023-01-02 20:15:48.371989+00:00,0.0,12.099999,18.0,0.0,2.9506657,0.0,20.2,19.5,148.0,,2.36,18.1,0.0,807.83386,22.4,3.79,17.5,1.0,18.4,10.0,20.0
2023-01-02 20:15:48.372173+00:00,0.0,11.92,18.0,0.0,2.9506657,0.0,20.2,19.5,148.0,,2.36,18.1,0.0,807.83386,22.4,3.79,17.5,1.0,18.4,10.0,20.0
2023-01-02 20:15:48.372253+00:00,0.0,11.92,18.1,0.0,2.9506657,0.0,20.300001,19.5,148.0,,1.4699999,18.1,0.0,807.83386,22.4,3.79,17.6,1.0,18.4,10.0,20.0
2023-01-02 20:15:48.372310+00:00,0.0,11.92,18.1,0.0,2.9510272,0.0,20.300001,19.5,148.0,,1.4699999,18.0,0.0,807.83386,22.4,3.79,17.6,1.0,18.4,10.0,20.0
2023-01-02 20:15:48.375382+00:00,0.0,11.92,18.1,0.0,2.9510272,0.0,20.300001,19.5,149.0,,1.4699999,18.0,0.0,807.83386,22.4,3.79,17.6,1.0,18.4,10.0,20.0
2023-01-02 20:15:48.375414+00:00,0.0,11.92,18.1,0.0,2.9510272,0.0,20.300001,19.5,149.0,,1.4699999,18.0,0.0,807.83386,22.4,3.6699998,17.6,1.0,18.4,10.0,20.0
2023-01-02 20:15:48.375446+00:00,0.0,11.91,18.0,0.0,2.9510272,0.0,20.2,19.5,149.0,,1.4699999,18.0,0.0,807.83386,22.4,3.6699998,17.6,1.0,18.4,10.0,20.0
2023-01-02 20:15:48.376029+00:00,0.0,11.91,18.0,0.0,2.9513888,0.0,20.2,19.5,149.0,,1.41,18.1,0.0,807.83386,22.4,3.6699998,17.6,1.0,18.4,10.0,20.0
2023-01-02 20:15:48.376217+00:00,0.0,11.91,18.0,0.0,2.9513888,0.0,20.2,19.5,149.0,,1.41,18.1,0.0,807.83386,22.4,3.6699998,17.6,1.0,18.4,10.0,20.0
2023-01-02 20:15:48.377871+00:00,0.0,11.91,18.0,0.0,2.9513888,0.0,20.2,19.5,148.0,,1.41,18.1,0.0,807.83386,22.4,3.6699998,17.6,1.0,18.4,10.0,20.0
2023-01-02 20:15:48.378583+00:00,0.0,11.91,18.0,0.0,2.9513888,0.0,18.6,19.5,148.0,,1.41,18.1,0.0,807.83386,22.4,3.55,17.6,1.0,18.4,10.0,20.0
2023-01-02 20:15:58.374966+00:00,0.0,12.2,18.0,0.0,2.9510272,3.0,18.6,19.5,148.0,,1.41,17.9,0.0,807.83386,22.4,3.55,17.6,1.0,18.4,10.0,20.0
2023-01-02 20:15:58.375130+00:00,0.0,12.2,18.0,0.0,2.9510272,3.0,18.6,19.5,148.0,,1.3199999,17.9,0.0,807.83386,22.4,3.55,17.6,1.0,18.4,10.0,20.0
2023-01-02 20:15:58.375165+00:00,0.0,12.2,18.0,0.0,2.9510272,3.0,18.6,19.5,148.0,,1.3199999,17.9,0.0,807.83386,22.4,3.55,17.6,1.0,18.4,10.0,20.0
2023-01-02 20:15:58.375401+00:00,0.0,12.2,17.7,0.0,2.9510272,3.0,15.8,19.5,148.0,,1.3199999,17.9,0.0,807.83386,22.4,3.55,17.6,1.0,18.4,10.0,20.0
2023-01-02 20:15:58.375436+00:00,0.0,12.2,17.7,0.0,2.9578993,62.89,15.8,19.5,148.0,,1.3199999,17.7,0.0,807.83386,22.4,3.56,17.7,1.0,18.4,10.0,20.0
2023-01-02 20:15:58.375468+00:00,0.0,12.719999,17.7,0.0,2.9578993,62.89,15.8,19.5,148.0,,1.3199999,17.7,0.0,807.83386,22.4,3.56,17.6,1.0,18.4,10.0,20.0
2023-01-02 20:15:58.375502+00:00,0.0,12.719999,17.7,0.0,2.9578993,62.89,15.8,19.5,148.0,,1.53,17.7,0.0,807.83386,22.4,3.56,17.6,1.0,18.4,10.0,20.0
2023-01-02 20:15:58.375541+00:00,0.0,12.719999,17.5,0.0,2.9578993,62.89,15.2,19.5,148.0,,1.53,17.7,0.0,807.83386,22.4,3.56,17.6,1.0,18.4,10.0,20.0
2023-01-02 20:15:58.376218+00:00,0.0,12.719999,17.5,0.0,2.9788775,77.64,15.2,19.5,148.0,,1.53,17.7,0.0,807.83386,22.4,3.56,17.6,1.0,18.4,10.0,20.0
2023-01-02 20:15:58.378986+00:00,0.0,12.719999,17.6,0.0,2.9788775,77.64,15.5,19.5,148.0,,1.53,17.7,0.0,807.83386,22.4,3.59,17.6,1.0,18.4,10.0,20.0
2023-01-02 20:15:58.379464+00:00,0.0,13.36,17.6,0.0,2.9788775,44.059998,15.5,19.5,148.0,,1.53,17.7,0.0,807.83386,22.4,3.59,17.6,1.0,18.4,10.0,20.0
2023-01-02 20:15:58.379942+00:00,0.0,13.36,17.6,0.0,2.9788775,44.059998,15.5,19.5,148.0,,1.99,17.7,0.0,807.83386,22.4,3.59,17.6,1.0,18.4,10.0,20.0
2023-01-02 20:15:58.380115+00:00,0.0,13.36,17.6,0.0,3.003472,44.059998,15.5,19.5,148.0,,1.99,17.7,0.0,807.83386,22.4,3.59,17.6,1.0,18.4,10.0,20.0
2023-01-02 20:15:58.380732+00:00,0.0,13.36,17.7,0.0,3.003472,44.059998,15.8,19.5,148.0,,1.99,17.7,0.0,807.83386,22.4,3.59,17.7,1.0,18.4,10.0,20.0
2023-01-02 20:15:58.380809+00:00,0.0,13.36,17.7,0.0,3.0023873,10.19,15.8,19.5,148.0,,1.99,17.800001,0.0,807.83386,22.4,3.53,17.7,1.0,18.4,10.0,20.0
2023-01-02 20:15:58.380852+00:00,0.0,20.1,17.7,0.0,3.0023873,10.19,15.8,19.5,148.0,,1.99,17.800001,0.0,807.83386,22.4,3.53,17.7,1.0,18.4,10.0,20.0
2023-01-02 20:15:58.381013+00:00,0.0,20.1,17.7,0.0,3.0023873,10.19,15.8,19.5,148.0,,2.9299998,17.800001,0.0,807.83386,22.4,3.53,17.7,1.0,18.4,10.0,20.0
2023-01-02 20:15:58.381194+00:00,0.0,20.1,17.7,0.0,3.0023873,10.19,15.8,19.5,148.0,,3.25,17.800001,0.0,807.83386,22.4,3.53,17.7,1.0,18.4,10.0,20.0
2023-01-02 20:15:58.382028+00:00,0.0,20.1,17.7,0.0,3.0027487,10.19,16.300001,19.5,148.0,,3.25,17.800001,0.0,807.83386,22.4,3.53,17.7,1.0,18.4,10.0,20.0
2023-01-02 20:15:58.382129+00:00,0.0,20.1,17.7,0.0,3.0027487,2.45,16.300001,19.5,148.0,,3.25,17.800001,0.0,807.83386,22.4,3.46,17.7,1.0,18.4,10.0,20.0
2023-01-02 20:15:58.382217+00:00,0.0,37.8,17.7,0.0,3.0027487,2.45,16.300001,19.5,148.0,,9.74,17.800001,0.0,807.83386,22.4,3.46,17.7,1.0,18.4,10.0,20.0
2023-01-02 20:15:58.382365+00:00,0.0,37.8,17.7,0.0,3.0027487,2.45,16.300001,19.5,148.0,,9.74,17.800001,0.0,807.83386,22.4,3.46,17.7,1.0,18.4,10.0,20.0
2023-01-02 20:15:58.382454+00:00,0.0,37.8,17.7,0.0,3.0027487,2.45,16.6,19.5,148.0,,9.74,17.800001,0.0,807.83386,22.4,3.46,17.7,1.0,18.4,10.0,20.0
2023-01-02 20:16:08.374269+00:00,0.0,37.8,17.800001,0.0,2.9987702,1.6899999,16.6,19.5,148.0,,9.74,17.800001,0.0,807.83386,22.4,3.46,17.7,1.0,18.4,10.0,20.0
2023-01-02 20:16:08.374305+00:00,0.0,37.8,17.800001,0.0,2.9987702,1.6899999,16.6,19.5,148.0,,9.74,17.800001,0.0,807.83386,22.4,3.4099998,17.7,1.0,18.4,10.0,20.0
2023-01-02 20:16:08.374345+00:00,0.0,37.8,17.800001,0.0,2.9987702,1.6899999,16.6,19.5,148.0,,13.469999,17.800001,0.0,807.83386,22.4,3.4099998,17.7,1.0,18.4,10.0,20.0
2023-01-02 20:16:08.374374+00:00,0.0,37.809998,17.800001,0.0,2.9987702,1.6899999,16.6,19.5,148.0,,13.469999,17.800001,0.0,807.83386,22.4,3.4099998,17.800001,1.0,18.4,10.0,20.0
2023-01-02 20:16:08.374406+00:00,0.0,37.809998,17.800001,0.0,2.9987702,1.6899999,16.9,19.5,148.0,,13.469999,17.9,0.0,807.83386,22.4,3.4099998,17.800001,1.0,18.4,10.0,20.0
2023-01-02 20:16:08.374436+00:00,0.0,37.809998,17.800001,0.0,2.9987702,1.75,16.9,19.5,148.0,,13.469999,17.9,0.0,807.83386,22.4,3.4099998,17.800001,1.0,18.4,10.0,20.0
2023-01-02 20:16:08.374537+00:00,0.0,37.809998,17.800001,0.0,2.9987702,1.75,16.9,19.5,148.0,,13.469999,17.9,0.0,807.83386,22.4,3.4499998,17.800001,1.0,18.4,10.0,20.0
2023-01-02 20:16:08.374549+00:00,0.0,18.96,17.800001,0.0,2.9987702,1.75,16.9,19.5,148.0,,13.469999,17.9,0.0,807.83386,22.4,3.4499998,17.800001,1.0,18.4,10.0,20.0
2023-01-02 20:16:08.374558+00:00,0.0,18.96,17.800001,0.0,2.9987702,1.75,17.1,19.5,148.0,,10.07,17.9,0.0,807.83386,22.4,3.4499998,17.800001,1.0,18.4,10.0,20.0
2023-01-02 20:16:08.374575+00:00,0.0,18.96,17.800001,0.0,2.999132,1.7099999,17.300001,19.5,148.0,,10.07,17.9,0.0,807.83386,22.4,3.4499998,17.800001,1.0,18.4,10.0,20.0
2023-01-02 20:16:08.374837+00:00,0.0,18.96,17.800001,0.0,2.999132,1.35,17.300001,19.5,148.0,,10.07,17.9,0.0,807.83386,22.4,3.4499998,17.800001,1.0,18.4,10.0,20.0
2023-01-02 20:16:08.374856+00:00,0.0,18.96,17.9,0.0,2.999132,1.35,17.300001,19.5,148.0,,10.07,17.9,0.0,807.83386,22.4,3.53,17.800001,1.0,18.4,10.0,20.0
2023-01-02 20:16:08.374929+00:00,0.0,12.5199995,17.9,0.0,2.999132,1.35,17.4,19.5,148.0,,8.53,18.0,0.0,807.83386,22.4,3.53,17.800001,1.0,18.4,10.0,20.0
2023-01-02 20:16:08.374932+00:00,0.0,12.5199995,17.9,0.0,2.999132,0.0,17.4,19.5,148.0,,8.53,18.0,0.0,807.83386,22.4,3.53,17.800001,1.0,18.4,10.0,20.0
2023-01-02 20:16:08.375218+00:00,0.0,12.5199995,17.9,0.0,2.9987702,0.0,17.4,19.5,148.0,,8.53,18.0,0.0,807.83386,22.4,3.53,17.800001,1.0,18.4,10.0,20.0
2023-01-02 20:16:08.375221+00:00,0.0,12.5199995,17.9,0.0,2.9987702,0.0,17.6,19.5,148.0,,8.53,18.1,0.0,807.83386,22.4,3.53,17.800001,1.0,18.4,10.0,20.0
2023-01-02 20:16:18.438801+00:00,0.0,12.5199995,17.9,0.0,2.9987702,0.0,17.6,19.5,148.0,,8.53,18.1,0.0,807.83386,22.4,3.53,17.800001,1.0,18.4,10.0,20.0
2023-01-02 20:16:18.438850+00:00,0.0,12.78,17.9,0.0,2.9987702,0.0,17.6,19.5,148.0,,2.9299998,18.1,0.0,807.83386,22.4,3.62,17.800001,1.0,18.4,10.0,20.0
2023-01-02 20:16:18.438883+00:00,0.0,12.78,17.9,0.0,2.999132,0.0,17.6,19.5,148.0,,2.9299998,18.1,0.0,807.83386,22.4,3.6399999,17.800001,1.0,18.4,10.0,20.0
2023-01-02 20:16:18.443124+00:00,0.0,12.78,17.9,0.0,2.999132,0.0,17.800001,19.5,148.0,,2.9299998,18.1,0.0,807.83386,22.4,3.6399999,17.800001,1.0,18.4,10.0,20.0
2023-01-02 20:16:18.443137+00:00,0.0,12.78,17.9,0.0,2.999132,0.0,17.800001,19.5,148.0,,2.9299998,18.1,0.0,807.83386,22.4,3.6399999,17.800001,1.0,18.4,10.0,20.0
2023-01-02 20:16:18.443151+00:00,0.0,12.78,17.9,0.0,2.9987702,0.0,17.800001,19.5,148.0,,2.75,18.1,0.0,807.83386,22.4,3.6399999,17.800001,1.0,18.4,10.0,20.0
2023-01-02 20:16:18.443164+00:00,0.0,13.12,18.0,0.0,2.9987702,0.0,17.800001,19.5,148.0,,2.75,18.1,0.0,807.83386,22.4,3.6599998,17.800001,1.0,18.4,10.0,20.0
2023-01-02 20:16:38.392634+00:00,0.0,13.12,18.0,0.0,2.9987702,0.0,17.800001,19.5,148.0,,2.75,18.1,0.0,807.83386,22.4,3.6599998,17.800001,1.0,18.4,10.0,20.0
2023-01-02 20:16:38.392653+00:00,0.0,13.12,18.0,0.0,2.9987702,0.0,18.0,19.5,148.0,,2.75,18.1,0.0,807.83386,22.4,3.6599998,17.800001,1.0,18.4,10.0,20.0
2023-01-02 20:16:38.392668+00:00,0.0,13.12,18.0,0.0,2.9947915,0.0,18.2,19.5,148.0,,2.75,18.1,0.0,807.83386,22.4,3.6599998,17.800001,1.0,18.4,10.0,20.0
2023-01-02 20:16:38.392683+00:00,0.0,13.12,18.0,0.0,2.9947915,0.0,18.2,19.5,148.0,,2.62,18.1,0.0,807.83386,22.4,3.6599998,17.800001,1.0,18.4,10.0,20.0
2023-01-02 20:16:38.392697+00:00,0.0,13.25,17.9,0.0,2.9947915,0.0,18.2,19.5,148.0,,2.62,18.1,0.0,807.83386,22.4,3.6699998,17.800001,1.0,18.4,10.0,20.0
2023-01-02 20:16:48.374782+00:00,0.0,13.53,18.0,0.0,2.9947915,0.0,18.300001,19.5,148.0,,2.62,18.1,0.0,807.83386,22.4,3.6699998,17.800001,1.0,18.4,10.0,20.0
2023-01-02 20:16:48.378612+00:00,0.0,13.53,18.0,0.0,2.9947915,0.0,18.300001,19.5,148.0,,2.62,18.1,0.0,807.83386,22.4,3.6699998,17.800001,1.0,18.4,10.0,20.0
2023-01-02 20:16:48.378927+00:00,0.0,13.53,18.0,0.0,2.995515,0.0,18.300001,19.5,149.0,,2.51,18.1,0.0,807.83386,22.4,3.6699998,17.800001,1.0,18.4,10.0,20.0
2023-01-02 20:16:48.379241+00:00,0.0,13.48,18.0,0.0,2.992983,0.0,18.4,19.5,149.0,,2.6499999,18.1,0.0,807.83386,22.4,3.6299999,17.800001,1.0,18.4,10.0,20.0
2023-01-02 20:16:48.390261+00:00,0.0,13.48,18.0,0.0,2.991898,0.0,18.4,19.5,149.0,,2.6499999,18.1,0.0,807.83386,22.4,3.6299999,17.800001,1.0,18.4,10.0,20.0
2023-01-02 20:16:48.390281+00:00,0.0,13.48,18.0,0.0,2.991898,0.0,18.4,19.5,149.0,,2.6499999,18.1,0.0,807.83386,22.4,3.6299999,17.800001,1.0,18.4,10.0,20.0
2023-01-02 20:16:48.390301+00:00,0.0,13.009999,18.0,0.0,2.991898,0.0,18.4,19.5,148.0,,2.3999999,18.0,0.0,807.83386,22.4,3.6299999,17.800001,1.0,18.4,10.0,20.0
2023-01-02 20:16:48.390322+00:00,0.0,13.009999,18.0,0.0,2.991898,0.0,18.5,19.5,148.0,,2.3999999,18.0,0.0,807.83386,22.4,3.57,17.800001,1.0,18.4,10.0,20.0
2023-01-02 20:16:48.390344+00:00,0.0,13.009999,18.0,0.0,2.991898,0.0,18.5,19.5,148.0,,2.3999999,18.0,0.0,807.83386,22.4,3.57,17.800001,1.0,18.4,10.0,20.0
2023-01-02 20:16:48.392226+00:00,0.0,13.009999,18.0,0.0,2.99226,0.0,18.5,19.5,148.0,,1.51,18.0,0.0,807.83386,22.4,3.57,17.800001,1.0,18.4,10.0,20.0
2023-01-02 20:16:58.366962+00:00,0.0,12.44,18.0,0.0,2.99226,0.0,18.5,19.5,148.0,,1.51,18.0,0.0,807.83386,22.4,3.57,17.800001,1.0,18.4,10.0,20.0
2023-01-02 20:16:58.367533+00:00,0.0,12.44,18.0,0.0,2.99226,0.0,18.5,19.5,148.0,,1.51,18.1,0.0,807.83386,22.4,3.56,17.800001,1.0,18.4,10.0,20.0
2023-01-02 20:16:58.367555+00:00,0.0,12.44,18.0,0.0,2.99226,0.0,18.5,19.5,148.0,,1.51,18.1,0.0,807.83386,22.4,3.54,17.800001,1.0,18.4,10.0,20.0
2023-01-02 20:16:58.367885+00:00,0.0,12.44,18.0,0.0,2.99226,0.0,18.5,19.5,148.0,,1.3399999,18.1,0.0,807.83386,22.4,3.59,17.800001,1.0,18.4,10.0,20.0
2023-01-02 20:16:58.376023+00:00,0.0,12.44,18.0,0.0,2.991898,0.0,18.5,19.5,148.0,,1.3399999,18.1,0.0,807.83386,22.4,3.6699998,17.800001,1.0,18.4,10.0,20.0
2023-01-02 20:17:08.386068+00:00,0.0,11.83,18.0,0.0,2.991898,0.0,18.6,19.5,148.0,,1.3399999,18.1,0.0,807.83386,22.4,3.6699998,17.800001,1.0,18.4,10.0,20.0
2023-01-02 20:17:08.386237+00:00,0.0,11.83,18.0,0.0,2.991898,0.0,18.6,19.5,148.0,,1.3399999,18.1,0.0,807.83386,22.4,3.6699998,17.800001,1.0,18.4,10.0,20.0
2023-01-02 20:17:08.386337+00:00,0.0,12.16,18.0,0.0,2.991898,0.0,18.6,19.5,148.0,,1.3399999,18.1,0.0,807.83386,22.4,3.73,17.800001,1.0,18.4,10.0,20.0
2023-01-02 20:17:08.386370+00:00,0.0,12.16,18.0,0.0,2.991898,0.0,18.6,19.5,148.0,,1.4,18.1,0.0,807.83386,22.4,3.73,17.800001,1.0,18.4,10.0,20.0
2023-01-02 20:17:08.386484+00:00,0.0,12.42,18.0,0.0,2.991898,0.0,18.6,19.5,148.0,,1.53,18.1,0.0,807.83386,22.4,3.73,17.800001,1.0,18.4,10.0,20.0
2023-01-02 20:17:08.386699+00:00,0.0,12.42,18.0,0.0,2.991898,0.0,18.800001,19.5,148.0,,1.53,18.2,0.0,807.83386,22.4,3.73,17.800001,1.0,18.4,10.0,20.0
2023-01-02 20:17:08.386799+00:00,0.0,12.42,18.0,0.0,2.990813,0.0,18.800001,19.5,148.0,,1.53,18.300001,0.0,807.83386,22.4,3.7099998,17.800001,1.0,18.4,10.0,20.0
2023-01-02 20:17:08.386988+00:00,0.0,12.42,18.0,0.0,2.990813,0.0,18.800001,19.5,148.0,,1.53,18.300001,0.0,807.83386,22.4,3.7099998,17.800001,1.0,18.4,10.0,20.0
2023-01-02 20:17:08.387093+00:00,0.0,12.79,18.0,0.0,2.990813,0.0,18.800001,19.5,148.0,,1.53,18.300001,0.0,807.83386,22.4,3.7099998,17.800001,1.0,18.4,10.0,20.0
2023-01-02 20:17:08.387164+00:00,0.0,12.79,18.0,0.0,2.990813,0.0,18.800001,19.5,148.0,,1.78,18.300001,0.0,807.83386,22.4,3.7099998,17.800001,1.0,18.4,10.0,20.0
2023-01-02 20:17:08.387386+00:00,0.0,12.79,18.0,0.0,2.990813,0.0,18.800001,19.5,148.0,,1.78,18.2,0.0,807.83386,22.4,3.7099998,17.800001,1.0,18.4,10.0,20.0
2023-01-02 20:17:08.387478+00:00,0.0,12.79,18.0,0.0,2.9915366,0.0,18.800001,19.5,148.0,,1.78,18.2,0.0,807.83386,22.4,3.7099998,17.800001,1.0,18.4,10.0,20.0
2023-01-02 20:17:08.387679+00:00,0.0,12.79,18.0,0.0,2.9915366,0.0,18.800001,19.5,148.0,,1.78,18.2,0.0,807.83386,22.4,3.6999998,17.800001,1.0,18.4,10.0,20.0
2023-01-02 20:17:08.387790+00:00,0.0,12.78,18.0,0.0,2.9915366,0.0,18.800001,19.5,148.0,,1.78,18.2,0.0,807.83386,22.4,3.6999998,17.800001,1.0,18.4,10.0,20.0
2023-01-02 20:17:08.387872+00:00,0.0,12.78,18.0,0.0,2.9871962,0.0,18.800001,19.5,148.0,,2.23,18.2,0.0,807.83386,22.4,3.6999998,17.800001,1.0,18.4,10.0,20.0
2023-01-02 20:17:08.387968+00:00,0.0,12.78,18.0,0.0,2.9871962,0.0,18.800001,19.5,148.0,,2.23,18.2,0.0,807.83386,22.4,3.6999998,17.800001,1.0,18.4,10.0,20.0
2023-01-02 20:17:08.388140+00:00,0.0,12.57,18.0,0.0,2.9871962,0.0,18.800001,19.5,148.0,,2.23,18.2,0.0,807.83386,22.4,3.6999998,17.800001,1.0,18.4,10.0,20.0
2023-01-02 20:17:08.388275+00:00,0.0,12.57,18.0,0.0,2.9871962,0.0,18.800001,19.5,148.0,,2.23,18.2,0.0,807.83386,22.4,3.6799998,17.800001,1.0,18.4,10.0,20.0
2023-01-02 20:17:08.388302+00:00,0.0,12.33,18.0,0.0,2.9871962,0.0,18.9,19.5,148.0,,2.23,18.2,0.0,807.83386,22.4,3.6799998,17.800001,1.0,18.4,10.0,20.0
2023-01-02 20:17:08.388345+00:00,0.0,12.33,18.0,0.0,2.985026,0.0,18.9,19.5,148.0,,2.33,18.2,0.0,807.83386,22.4,3.6799998,17.800001,1.0,18.4,10.0,20.0
2023-01-02 20:17:08.388392+00:00,0.0,12.33,18.0,0.0,2.985026,0.0,18.9,19.5,148.0,,2.33,18.2,0.0,807.83386,22.4,3.6799998,17.800001,1.0,18.4,10.0,20.0
2023-01-02 20:17:08.388860+00:00,0.0,12.09,18.0,0.0,2.985026,0.0,18.9,19.5,148.0,,2.33,18.1,0.0,807.83386,22.4,3.6799998,17.800001,1.0,18.4,10.0,20.0
2023-01-02 20:17:08.388901+00:00,0.0,12.09,18.0,0.0,2.985026,0.0,18.9,19.5,149.0,,2.33,18.1,0.0,807.83386,22.4,3.6899998,17.800001,1.0,18.4,10.0,20.0
2023-01-02 20:17:08.388949+00:00,0.0,12.09,18.0,0.0,2.985026,0.0,18.9,19.5,149.0,,2.33,18.1,0.0,807.83386,22.4,3.6899998,17.800001,1.0,18.4,10.0,20.0
2023-01-02 20:17:18.388693+00:00,0.0,11.98,18.0,0.0,2.9853878,0.0,18.9,19.5,149.0,,1.53,18.1,0.0,807.83386,22.4,3.6899998,17.800001,1.0,18.4,10.0,20.0
2023-01-02 20:17:18.388819+00:00,0.0,11.98,18.0,0.0,2.9853878,0.0,18.9,19.5,149.0,,1.53,18.1,0.0,807.83386,22.4,3.6899998,17.9,1.0,18.4,10.0,20.0
2023-01-02 20:17:18.388947+00:00,0.0,11.98,18.0,0.0,2.9853878,0.0,18.9,19.5,149.0,,1.53,18.1,0.0,807.83386,22.4,3.6899998,17.9,1.0,18.4,10.0,20.0
2023-01-02 20:17:18.389075+00:00,0.0,11.98,18.0,0.0,2.9853878,0.0,18.9,19.5,149.0,,1.53,18.1,0.0,807.83386,22.4,3.6899998,17.9,1.0,18.4,10.0,20.0
2023-01-02 20:17:18.389685+00:00,0.0,11.98,18.0,0.0,2.9853878,0.0,19.0,19.5,149.0,,1.2099999,18.1,0.0,807.83386,22.4,3.6899998,17.9,1.0,18.4,10.0,20.0
2023-01-02 20:17:18.389700+00:00,0.0,12.11,18.0,0.0,2.985026,0.0,19.0,19.5,149.0,,0.0,18.1,0.0,807.83386,22.4,3.6899998,17.9,1.0,18.4,10.0,20.0
2023-01-02 20:17:18.389707+00:00,0.0,12.11,18.0,0.0,2.985026,0.0,19.0,19.5,149.0,,0.0,18.1,0.0,807.83386,22.4,3.6899998,17.9,1.0,18.4,10.0,20.0
2023-01-02 20:17:18.389920+00:00,0.0,12.11,18.0,0.0,2.985026,0.0,19.0,19.5,149.0,,0.0,18.1,0.0,807.83386,22.4,3.7099998,17.9,1.0,18.4,10.0,20.0
2023-01-02 20:17:18.390035+00:00,0.0,12.11,18.0,0.0,2.985026,0.0,19.0,19.5,148.0,,0.0,18.1,0.0,807.83386,22.4,3.75,17.9,1.0,18.4,10.0,20.0
2023-01-02 20:17:18.390496+00:00,0.0,12.11,18.0,0.0,2.985026,0.0,19.0,19.5,148.0,,1.17,18.1,0.0,807.83386,22.4,3.75,17.800001,1.0,18.4,10.0,20.0
2023-01-02 20:17:18.390527+00:00,0.0,12.37,18.0,0.0,2.9846644,0.0,19.0,19.5,148.0,,1.17,18.1,0.0,807.83386,22.4,3.75,17.800001,1.0,18.4,10.0,20.0
2023-01-02 20:17:18.390565+00:00,0.0,12.37,18.0,0.0,2.9846644,0.0,19.0,19.5,148.0,,1.17,18.1,0.0,807.83386,22.4,3.81,17.800001,1.0,18.4,10.0,20.0
2023-01-02 20:17:18.390708+00:00,0.0,12.37,18.0,0.0,2.9846644,0.0,19.0,19.5,148.0,,1.17,18.1,0.0,807.83386,22.4,3.9099998,17.800001,1.0,18.4,10.0,20.0
2023-01-02 20:17:18.390824+00:00,0.0,12.37,18.0,0.0,2.9846644,0.0,19.1,19.5,148.0,,1.9799999,18.1,0.0,807.83386,22.4,3.9099998,17.800001,1.0,18.4,10.0,20.0
2023-01-02 20:17:18.392043+00:00,0.0,12.37,18.0,0.0,2.985026,0.0,19.1,19.5,148.0,,1.9799999,18.1,0.0,807.83386,22.4,3.9099998,17.800001,1.0,18.4,10.0,20.0
2023-01-02 20:17:18.392875+00:00,0.0,12.55,18.0,0.0,2.985026,0.0,19.1,19.5,148.0,,1.9799999,18.1,0.0,807.83386,22.4,3.9199998,17.800001,1.0,18.4,10.0,20.0
2023-01-02 20:17:18.392933+00:00,0.0,12.55,18.0,0.0,2.985026,0.0,19.1,19.5,148.0,,1.9799999,18.1,0.0,807.83386,22.4,3.9199998,17.800001,1.0,18.4,10.0,20.0
2023-01-02 20:17:18.392988+00:00,0.0,12.55,18.0,0.0,2.985026,0.0,19.1,19.5,148.0,,2.07,18.1,0.0,807.83386,22.4,3.9199998,17.800001,1.0,18.4,10.0,20.0
2023-01-02 20:17:18.393058+00:00,0.0,12.55,18.0,0.0,2.985026,0.0,19.1,19.5,148.0,,2.07,18.1,0.0,807.83386,22.4,3.9199998,17.800001,1.0,18.4,10.0,20.0
2023-01-02 20:17:18.393327+00:00,0.0,12.55,18.0,0.0,2.9853878,0.0,19.1,19.5,148.0,,2.07,18.1,0.0,807.83386,22.4,3.9099998,17.800001,1.0,18.4,10.0,20.0
2023-01-02 20:17:18.393389+00:00,0.0,12.74,18.0,0.0,2.9853878,0.0,19.1,19.5,148.0,,2.07,18.1,0.0,807.83386,22.4,3.9099998,17.800001,1.0,18.4,10.0,20.0
2023-01-02 20:17:18.393492+00:00,0.0,12.74,18.0,0.0,2.9853878,0.0,19.2,19.5,148.0,,2.02,18.1,0.0,807.83386,22.4,3.9099998,17.800001,1.0,18.4,10.0,20.0
2023-01-02 20:17:18.393586+00:00,0.0,12.74,18.0,0.0,2.9853878,0.0,19.2,19.5,148.0,,2.02,18.1,0.0,807.83386,22.4,3.9099998,17.800001,1.0,18.4,10.0,20.0
2023-01-02 20:17:18.393656+00:00,0.0,12.74,18.0,0.0,2.9853878,0.0,19.2,19.5,148.0,,2.02,18.1,0.0,807.83386,22.4,3.87,17.800001,1.0,18.4,10.0,20.0
2023-01-02 20:17:18.393898+00:00,0.0,12.469999,18.0,0.0,2.9853878,0.0,19.2,19.5,148.0,,1.93,18.1,0.0,807.83386,22.4,3.87,17.800001,1.0,18.4,10.0,20.0
2023-01-02 20:17:18.393959+00:00,0.0,12.469999,18.0,0.0,2.9853878,0.0,19.2,19.5,148.0,,1.93,18.1,0.0,807.83386,22.4,3.87,17.800001,1.0,18.4,10.0,20.0
2023-01-02 20:17:18.394080+00:00,0.0,12.469999,18.0,0.0,2.9853878,0.0,19.2,19.5,148.0,,1.93,18.1,0.0,807.83386,22.4,3.86,17.800001,1.0,18.4,10.0,20.0
2023-01-02 20:17:18.394179+00:00,0.0,12.469999,18.0,0.0,2.985026,0.0,19.2,19.5,148.0,,1.93,18.1,0.0,807.83386,22.4,3.86,17.800001,1.0,18.4,10.0,20.0
2023-01-02 20:17:18.394316+00:00,0.0,12.469999,18.0,0.0,2.985026,0.0,19.2,19.5,148.0,,1.8199999,18.1,0.0,807.83386,22.4,3.86,17.800001,1.0,18.4,10.0,20.0
2023-01-02 20:17:18.394470+00:00,0.0,11.88,18.0,0.0,2.985026,0.0,19.2,19.5,148.0,,1.8199999,18.1,0.0,807.83386,22.4,3.86,17.800001,1.0,18.4,10.0,20.0
2023-01-02 20:17:18.394535+00:00,0.0,11.88,18.0,0.0,2.985026,0.0,19.300001,19.5,148.0,,1.8199999,18.1,0.0,807.83386,22.4,3.86,17.800001,1.0,18.4,10.0,20.0
2023-01-02 20:17:18.394595+00:00,0.0,11.88,18.0,0.0,2.9846644,0.0,19.300001,19.5,148.0,,1.8199999,18.1,0.0,807.83386,22.4,3.86,17.800001,1.0,18.4,10.0,20.0
2023-01-02 20:17:18.394754+00:00,0.0,11.88,18.0,0.0,2.9846644,0.0,19.4,19.5,148.0,,2.03,18.1,0.0,807.83386,22.4,3.86,17.800001,1.0,18.4,10.0,20.0
2023-01-02 20:17:18.394848+00:00,0.0,11.88,18.0,0.0,2.9846644,0.0,19.4,19.5,148.0,,2.03,18.1,0.0,807.83386,22.4,3.86,17.800001,1.0,18.4,10.0,20.0
2023-01-02 20:17:18.397148+00:00,0.0,11.88,18.0,0.0,2.9846644,0.0,19.4,19.5,148.0,,2.03,18.1,0.0,807.83386,22.4,3.8999999,17.800001,1.0,18.4,10.0,20.0
2023-01-02 20:17:28.372518+00:00,0.0,11.45,18.0,0.0,2.9846644,0.0,19.4,19.5,148.0,,2.03,18.2,0.0,807.83386,22.4,3.8999999,17.800001,1.0,18.4,10.0,20.0
2023-01-02 20:17:28.372643+00:00,0.0,11.45,18.0,0.0,2.9824944,0.0,19.4,19.5,148.0,,2.03,18.2,0.0,807.83386,22.4,3.8999999,17.800001,1.0,18.4,10.0,20.0
2023-01-02 20:17:28.373323+00:00,0.0,11.45,18.0,0.0,2.9810474,0.0,19.4,19.5,148.0,,2.2,18.2,0.0,807.83386,22.4,3.8999999,17.9,1.0,18.4,10.0,20.0
2023-01-02 20:17:28.375364+00:00,0.0,11.45,18.0,0.0,2.9796007,0.0,19.4,19.5,148.0,,2.2,18.2,0.0,807.83386,22.4,3.8999999,17.9,1.0,18.4,10.0,20.0
2023-01-02 20:17:28.375387+00:00,0.0,11.45,17.9,0.0,2.9796007,0.0,19.4,19.5,148.0,,2.2,18.2,0.0,807.83386,22.4,4.0299997,17.9,1.0,18.4,10.0,20.0
2023-01-02 20:17:28.375862+00:00,0.0,11.559999,17.9,0.0,2.9796007,0.0,19.4,19.5,148.0,,2.2,18.2,0.0,807.83386,22.4,4.0299997,17.800001,1.0,18.4,10.0,20.0
2023-01-02 20:17:28.376581+00:00,0.0,11.559999,17.9,0.0,2.9796007,0.0,19.4,19.5,148.0,,2.03,18.2,0.0,807.83386,22.4,4.0299997,17.800001,1.0,18.4,10.0,20.0
2023-01-02 20:17:28.378261+00:00,0.0,11.559999,18.0,0.0,2.9781537,0.0,19.4,19.5,148.0,,2.03,18.2,0.0,807.83386,22.4,4.0299997,17.800001,1.0,18.4,10.0,20.0
2023-01-02 20:17:28.380405+00:00,0.0,11.559999,18.0,0.0,2.9781537,0.0,19.4,19.5,148.0,,2.03,18.2,0.0,807.83386,22.4,4.0699997,17.800001,1.0,18.4,10.0,20.0
2023-01-02 20:17:28.380431+00:00,0.0,11.86,18.0,0.0,2.9781537,0.0,19.4,19.5,148.0,,2.03,18.2,0.0,807.83386,22.4,4.0699997,17.800001,1.0,18.4,10.0,20.0
2023-01-02 20:17:28.381097+00:00,0.0,11.86,18.0,0.0,2.9781537,0.0,19.4,19.5,148.0,,1.87,18.2,0.0,807.83386,22.4,4.0699997,17.800001,1.0,18.4,10.0,20.0
2023-01-02 20:17:28.381350+00:00,0.0,11.86,18.0,0.0,2.9781537,0.0,19.5,19.5,148.0,,1.87,18.2,0.0,807.83386,22.4,4.0699997,17.800001,1.0,18.4,10.0,20.0
2023-01-02 20:17:28.381930+00:00,0.0,11.86,18.0,0.0,2.9785156,0.0,19.5,19.5,148.0,,1.87,18.2,0.0,807.83386,22.4,4.04,17.800001,1.0,18.4,10.0,20.0
2023-01-02 20:17:28.381989+00:00,0.0,11.86,18.0,0.0,2.9785156,0.0,19.5,19.5,148.0,,1.87,18.2,0.0,807.83386,22.4,4.04,17.800001,1.0,18.4,10.0,20.0
2023-01-02 20:17:28.382720+00:00,0.0,12.16,18.0,0.0,2.9785156,0.0,19.5,19.5,148.0,,1.87,18.2,0.0,807.83386,22.4,4.04,17.800001,1.0,18.4,10.0,20.0
2023-01-02 20:17:38.445028+00:00,0.0,12.259999,18.0,0.0,2.9785156,0.0,19.5,19.5,148.0,,2.04,18.2,0.0,807.83386,22.4,4.04,17.800001,1.0,18.4,10.0,20.0
2023-01-02 20:17:38.445326+00:00,0.0,12.23,18.0,0.0,2.9788775,0.0,19.5,19.5,148.0,,2.04,18.2,0.0,807.83386,22.4,3.97,17.800001,1.0,18.4,10.0,20.0
2023-01-02 20:17:38.446621+00:00,0.0,12.23,18.0,0.0,2.9788775,0.0,19.5,19.5,148.0,,2.1299999,18.2,0.0,807.83386,22.4,3.99,17.800001,1.0,18.4,10.0,20.0
2023-01-02 20:17:38.446739+00:00,0.0,12.23,18.0,0.0,2.9788775,0.0,19.5,19.5,149.0,,2.3799999,18.0,0.0,807.83386,22.4,3.99,17.9,1.0,18.4,10.0,20.0
2023-01-02 20:17:38.447886+00:00,0.0,12.23,18.0,0.0,2.9781537,0.0,19.5,19.5,149.0,,2.35,18.0,0.0,807.83386,22.4,3.99,17.9,1.0,18.4,10.0,20.0
2023-01-02 20:17:38.448450+00:00,0.0,12.33,18.0,0.0,2.9781537,0.0,19.5,19.5,149.0,,2.35,18.0,0.0,807.83386,22.4,3.99,17.9,1.0,18.4,10.0,20.0
2023-01-02 20:17:38.448581+00:00,0.0,12.33,18.0,0.0,2.9781537,0.0,19.5,19.5,149.0,,2.35,18.0,0.0,807.83386,22.4,3.9299998,17.9,1.0,18.4,10.0,20.0
2023-01-02 20:17:38.448810+00:00,0.0,12.33,18.0,0.0,2.9781537,0.0,19.5,19.5,149.0,,1.81,18.0,0.0,807.83386,22.4,3.9299998,17.9,1.0,18.4,10.0,20.0
2023-01-02 20:17:38.451828+00:00,0.0,12.33,18.0,0.0,2.9781537,0.0,19.5,19.5,149.0,,1.81,18.1,0.0,807.83386,22.4,3.9299998,17.9,1.0,18.4,10.0,20.0
2023-01-02 20:17:38.451913+00:00,0.0,12.33,18.0,0.0,2.9781537,0.0,19.5,19.5,148.0,,1.81,18.1,0.0,807.83386,22.4,3.9299998,17.9,1.0,18.4,10.0,20.0
2023-01-02 20:17:48.374033+00:00,0.0,12.36,18.0,0.0,2.9781537,0.0,19.5,19.5,148.0,,1.4599999,18.1,0.0,807.83386,22.4,3.9299998,17.9,1.0,18.4,10.0,20.0
2023-01-02 20:17:48.374082+00:00,0.0,12.36,18.0,0.0,2.9781537,0.0,19.6,19.5,148.0,,1.4599999,18.1,0.0,807.83386,22.4,3.9099998,17.9,1.0,18.4,10.0,20.0
2023-01-02 20:17:48.374129+00:00,0.0,12.36,18.0,0.0,2.9774306,0.0,19.6,19.5,148.0,,1.4599999,18.1,0.0,807.83386,22.4,3.9099998,17.9,1.0,18.4,10.0,20.0
2023-01-02 20:17:48.374198+00:00,0.0,12.36,18.0,0.0,2.9774306,0.0,19.6,19.5,148.0,,1.4599999,18.1,0.0,807.83386,22.4,3.9099998,17.9,1.0,18.4,10.0,20.0
2023-01-02 20:17:48.374279+00:00,0.0,12.36,18.0,0.0,2.9774306,0.0,19.6,19.5,148.0,,1.53,18.1,0.0,807.83386,22.4,3.99,17.9,1.0,18.4,10.0,20.0
2023-01-02 20:17:48.374351+00:00,0.0,12.309999,18.0,0.0,2.9774306,0.0,19.6,19.5,148.0,,1.53,18.1,0.0,807.83386,22.4,3.99,17.9,1.0,18.4,10.0,20.0
2023-01-02 20:17:48.374397+00:00,0.0,12.309999,18.0,0.0,2.9777923,0.0,19.6,19.5,148.0,,1.53,18.1,0.0,807.83386,22.4,3.99,17.9,1.0,18.4,10.0,20.0
2023-01-02 20:17:48.374439+00:00,0.0,12.309999,18.0,0.0,2.9777923,0.0,19.6,19.5,148.0,,1.53,18.1,0.0,807.83386,22.4,3.99,17.9,1.0,18.4,10.0,20.0
2023-01-02 20:17:48.374517+00:00,0.0,12.309999,18.0,0.0,2.9777923,0.0,19.6,19.5,148.0,,1.9499999,18.1,0.0,807.83386,22.4,3.99,17.9,1.0,18.4,10.0,20.0
2023-01-02 20:17:48.374601+00:00,0.0,12.309999,18.0,0.0,2.9777923,0.0,19.6,19.5,148.0,,1.9499999,18.1,0.0,807.83386,22.4,4.11,17.800001,1.0,18.4,10.0,20.0
2023-01-02 20:17:48.374656+00:00,0.0,12.309999,18.0,0.0,2.9777923,0.0,19.6,19.5,148.0,,1.9499999,18.1,0.0,807.83386,22.4,4.11,17.800001,1.0,18.4,10.0,20.0
2023-01-02 20:17:48.374737+00:00,0.0,12.04,18.0,0.0,2.9748988,0.0,19.6,19.5,148.0,,1.9499999,18.1,0.0,807.83386,22.4,4.11,17.800001,1.0,18.4,10.0,20.0
2023-01-02 20:17:48.374797+00:00,0.0,12.04,18.0,0.0,2.9748988,0.0,19.6,19.5,148.0,,3.01,18.1,0.0,807.83386,22.4,4.11,17.800001,1.0,18.4,10.0,20.0
2023-01-02 20:17:48.374857+00:00,0.0,12.04,18.0,0.0,2.9748988,0.0,19.6,19.5,148.0,,3.01,18.1,0.0,807.83386,22.4,4.11,17.800001,1.0,18.4,10.0,20.0
2023-01-02 20:17:48.377911+00:00,0.0,12.04,18.0,0.0,2.9748988,0.0,19.6,19.5,148.0,,3.01,18.1,0.0,807.83386,22.4,4.16,17.800001,1.0,18.4,10.0,20.0
2023-01-02 20:17:48.377957+00:00,0.0,12.04,18.0,0.0,2.9716434,0.0,19.6,19.5,148.0,,3.01,18.1,0.0,807.83386,22.4,4.16,17.800001,1.0,18.4,10.0,20.0
2023-01-02 20:17:58.390567+00:00,0.0,11.69,18.0,0.0,2.9716434,0.0,19.6,19.5,148.0,,3.28,18.1,0.0,807.83386,22.4,4.16,17.800001,1.0,18.4,10.0,20.0
2023-01-02 20:17:58.391086+00:00,0.0,11.69,18.0,0.0,2.9716434,0.0,19.6,19.5,148.0,,3.28,18.1,0.0,807.83386,22.4,4.16,17.9,1.0,18.4,10.0,20.0
2023-01-02 20:17:58.391646+00:00,0.0,11.69,18.0,0.0,2.9716434,0.0,19.7,19.5,148.0,,3.28,18.1,0.0,807.83386,22.4,4.16,17.9,1.0,18.4,10.0,20.0
2023-01-02 20:17:58.392560+00:00,0.0,11.69,18.0,0.0,2.9716434,0.0,19.7,19.5,148.0,,3.28,18.1,0.0,807.83386,22.4,4.08,17.9,1.0,18.4,10.0,20.0
2023-01-02 20:17:58.392720+00:00,0.0,11.69,18.0,0.0,2.9720054,0.0,19.7,19.5,148.0,,3.28,18.1,0.0,807.83386,22.4,4.08,17.9,1.0,18.4,10.0,20.0
2023-01-02 20:17:58.397679+00:00,0.0,11.969999,18.0,0.0,2.9716434,0.0,19.7,19.5,148.0,,3.06,18.1,0.0,807.83386,22.4,4.08,17.9,1.0,18.4,10.0,20.0
2023-01-02 20:17:58.397759+00:00,0.0,11.969999,18.0,0.0,2.9716434,0.0,19.7,19.5,148.0,,3.06,18.1,0.0,807.83386,22.4,4.02,17.9,1.0,18.4,10.0,20.0
2023-01-02 20:17:58.397853+00:00,0.0,11.969999,18.0,0.0,2.9716434,0.0,19.7,19.5,148.0,,3.06,18.1,0.0,807.83386,22.4,4.02,17.9,1.0,18.4,10.0,20.0
2023-01-02 20:17:58.397952+00:00,0.0,11.969999,18.0,0.0,2.9716434,0.0,19.7,19.5,148.0,,3.06,18.1,0.0,807.83386,22.4,4.02,17.9,1.0,18.4,10.0,20.0
2023-01-02 20:17:58.398092+00:00,0.0,11.969999,18.0,0.0,2.9716434,0.0,19.7,19.5,148.0,,2.69,18.1,0.0,807.83386,22.4,4.02,17.800001,1.0,18.4,10.0,20.0
2023-01-02 20:17:58.398317+00:00,0.0,12.59,18.0,0.0,2.9712818,0.0,19.7,19.5,148.0,,2.69,18.1,0.0,807.83386,22.4,3.97,17.800001,1.0,18.4,10.0,20.0
2023-01-02 20:17:58.398418+00:00,0.0,12.59,18.0,0.0,2.9712818,0.0,19.7,19.5,148.0,,2.69,18.1,0.0,807.83386,22.4,3.97,17.800001,1.0,18.4,10.0,20.0
2023-01-02 20:17:58.398514+00:00,0.0,12.59,18.0,0.0,2.9712818,0.0,19.7,19.5,148.0,,2.69,18.1,0.0,807.83386,22.4,3.97,17.800001,1.0,18.4,10.0,20.0
2023-01-02 20:17:58.398597+00:00,0.0,12.59,18.0,0.0,2.9712818,0.0,19.7,19.5,148.0,,2.58,18.1,0.0,807.83386,22.4,3.97,17.9,1.0,18.4,10.0,20.0
2023-01-02 20:18:08.387340+00:00,0.0,13.07,18.0,0.0,2.9720054,0.0,19.7,19.5,148.0,,2.58,18.1,0.0,807.83386,22.4,3.97,17.9,1.0,18.4,10.0,20.0
2023-01-02 20:18:08.387373+00:00,0.0,13.07,18.0,0.0,2.9720054,0.0,19.7,19.5,148.0,,2.58,18.1,0.0,807.83386,22.4,3.9399998,17.9,1.0,18.4,10.0,20.0
2023-01-02 20:18:08.387495+00:00,0.0,13.07,18.0,0.0,2.9720054,0.0,19.7,19.5,148.0,,2.58,18.1,0.0,807.83386,22.4,3.9399998,17.9,1.0,18.4,10.0,20.0
2023-01-02 20:18:08.387935+00:00,0.0,13.07,18.0,0.0,2.9720054,0.0,19.7,19.5,148.0,,2.45,18.1,0.0,807.83386,22.4,3.9399998,17.9,1.0,18.4,10.0,20.0
2023-01-02 20:18:08.390016+00:00,0.0,13.07,18.0,0.0,2.9716434,0.0,19.7,19.5,148.0,,2.45,18.1,0.0,807.83386,22.4,3.98,17.9,1.0,18.4,10.0,20.0
2023-01-02 20:18:08.390094+00:00,0.0,13.17,18.0,0.0,2.9716434,0.0,19.7,19.5,148.0,,2.45,18.1,0.0,807.83386,22.4,3.98,17.9,1.0,18.4,10.0,20.0
2023-01-02 20:18:08.393020+00:00,0.0,13.17,18.0,0.0,2.9716434,0.0,19.7,19.5,148.0,,2.45,18.0,0.0,807.83386,22.4,3.98,17.9,1.0,18.4,10.0,20.0
2023-01-02 20:18:08.394807+00:00,0.0,13.17,18.0,0.0,2.9716434,0.0,19.7,19.5,149.0,,2.45,18.0,0.0,807.83386,22.4,3.98,17.9,1.0,18.4,10.0,20.0
2023-01-02 20:18:08.394820+00:00,0.0,13.17,18.0,0.0,2.9716434,0.0,19.7,19.5,149.0,,1.8299999,18.0,0.0,807.83386,22.4,4.0499997,17.9,1.0,18.4,10.0,20.0
2023-01-02 20:18:08.395502+00:00,0.0,13.17,18.0,0.0,2.9716434,0.0,19.800001,19.5,149.0,,1.8299999,18.0,0.0,807.83386,22.4,4.0499997,17.9,1.0,18.4,10.0,20.0
2023-01-02 20:18:08.395969+00:00,0.0,13.17,18.0,0.0,2.9716434,0.0,19.800001,19.5,149.0,,1.8299999,18.1,0.0,807.83386,22.4,4.0499997,17.9,1.0,18.4,10.0,20.0
2023-01-02 20:18:08.396035+00:00,0.0,12.66,18.0,0.0,2.9716434,0.0,19.800001,19.5,149.0,,1.8299999,18.1,0.0,807.83386,22.4,4.0499997,17.9,1.0,18.4,10.0,20.0
2023-01-02 20:18:08.397008+00:00,0.0,12.66,18.0,0.0,2.9716434,0.0,19.800001,19.5,148.0,,1.73,18.1,0.0,807.83386,22.4,4.0499997,17.9,1.0,18.4,10.0,20.0
2023-01-02 20:18:08.397025+00:00,0.0,12.66,18.0,0.0,2.9716434,0.0,19.800001,19.5,148.0,,1.73,18.1,0.0,807.83386,22.4,4.06,17.9,1.0,18.4,10.0,20.0
2023-01-02 20:18:18.428219+00:00,0.0,12.66,18.0,0.0,2.9716434,0.0,19.800001,19.5,148.0,,1.73,18.1,0.0,807.83386,22.4,4.11,17.9,1.0,18.4,10.0,20.0
2023-01-02 20:18:18.428881+00:00,0.0,12.179999,18.0,0.0,2.9716434,0.0,19.800001,19.5,148.0,,1.73,18.1,0.0,807.83386,22.4,4.11,17.800001,1.0,18.4,10.0,20.0
2023-01-02 20:18:18.429270+00:00,0.0,12.179999,18.0,0.0,2.9712818,0.0,19.800001,19.5,148.0,,1.7199999,18.1,0.0,807.83386,22.4,4.18,17.800001,1.0,18.4,10.0,20.0
2023-01-02 20:18:18.429984+00:00,0.0,12.179999,18.0,0.0,2.9712818,0.0,19.800001,19.5,148.0,,1.7199999,18.1,0.0,807.83386,22.4,4.18,17.800001,1.0,18.4,10.0,20.0
2023-01-02 20:18:18.431039+00:00,0.0,12.179999,18.0,0.0,2.9712818,0.0,19.800001,19.5,148.0,,1.7199999,18.1,0.0,807.83386,22.4,4.18,17.800001,1.0,18.4,10.0,20.0
2023-01-02 20:18:18.431649+00:00,0.0,12.179999,18.0,0.0,2.9712818,0.0,19.800001,19.5,148.0,,1.7199999,18.1,0.0,807.83386,22.4,4.18,17.800001,1.0,18.4,10.0,20.0
2023-01-02 20:18:18.432724+00:00,0.0,11.82,18.0,0.0,2.9712818,0.0,19.800001,19.5,148.0,,1.9699999,18.1,0.0,807.83386,22.4,4.18,17.800001,1.0,18.4,10.0,20.0
2023-01-02 20:18:18.433300+00:00,0.0,11.82,18.0,0.0,2.967665,0.0,19.800001,19.5,148.0,,1.9699999,18.1,0.0,807.83386,22.4,4.23,17.800001,1.0,18.4,10.0,20.0
2023-01-02 20:18:28.372661+00:00,0.0,11.82,18.0,0.0,2.967665,0.0,19.800001,19.5,148.0,,1.9699999,18.1,0.0,807.83386,22.4,4.23,17.800001,1.0,18.4,10.0,20.0
2023-01-02 20:18:28.372741+00:00,0.0,11.82,18.0,0.0,2.967665,0.0,19.800001,19.5,148.0,,1.9699999,18.1,0.0,807.83386,22.4,4.23,17.9,1.0,18.4,10.0,20.0
2023-01-02 20:18:28.372900+00:00,0.0,11.889999,18.0,0.0,2.967665,0.0,19.800001,19.5,148.0,,2.69,18.1,0.0,807.83386,22.4,4.23,17.9,1.0,18.4,10.0,20.0
2023-01-02 20:18:38.402706+00:00,0.0,11.889999,18.0,0.0,2.96658,0.0,19.800001,19.5,148.0,,2.69,18.1,0.0,807.83386,22.4,4.15,17.9,1.0,18.4,10.0,20.0
2023-01-02 20:18:38.402755+00:00,0.0,11.889999,18.0,0.0,2.96658,0.0,19.9,19.5,148.0,,2.69,18.1,0.0,807.83386,22.4,4.15,17.9,1.0,18.4,10.0,20.0
2023-01-02 20:18:38.402886+00:00,0.0,11.889999,18.0,0.0,2.96658,0.0,19.9,19.5,148.0,,2.69,18.1,0.0,807.83386,22.4,4.15,17.9,1.0,18.4,10.0,20.0
2023-01-02 20:18:38.402929+00:00,0.0,11.91,18.0,0.0,2.96658,0.0,19.9,19.5,148.0,,2.77,18.1,0.0,807.83386,22.4,4.15,17.9,1.0,18.4,10.0,20.0
2023-01-02 20:18:38.402975+00:00,0.0,11.91,17.9,0.0,2.96658,0.0,19.9,19.5,148.0,,2.77,18.1,0.0,807.83386,22.4,4.06,17.9,1.0,18.4,10.0,20.0
2023-01-02 20:18:38.403088+00:00,0.0,11.91,17.9,0.0,2.9662182,0.0,19.9,19.5,148.0,,2.77,18.1,0.0,807.83386,22.4,4.06,17.9,1.0,18.4,10.0,20.0
2023-01-02 20:18:38.403210+00:00,0.0,11.91,17.9,0.0,2.9662182,0.0,19.9,19.5,148.0,,2.77,18.1,0.0,807.83386,22.4,4.06,17.9,1.0,18.4,10.0,20.0
2023-01-02 20:18:38.403255+00:00,0.0,11.91,17.9,0.0,2.9662182,0.0,19.9,19.5,148.0,,2.03,18.1,0.0,807.83386,22.4,4.06,17.9,1.0,18.4,10.0,20.0
2023-01-02 20:18:38.403307+00:00,0.0,12.15,18.0,0.0,2.9662182,0.0,19.9,19.5,148.0,,2.03,18.1,0.0,807.83386,22.4,4.0499997,17.9,1.0,18.4,10.0,20.0
2023-01-02 20:18:38.403357+00:00,0.0,12.15,18.0,0.0,2.9647713,0.0,19.9,19.5,148.0,,2.03,18.1,0.0,807.83386,22.4,4.0499997,17.9,1.0,18.4,10.0,20.0
2023-01-02 20:18:38.403501+00:00,0.0,12.15,18.0,0.0,2.9647713,0.0,19.9,19.5,148.0,,2.03,18.1,0.0,807.83386,22.4,4.0499997,17.9,1.0,18.4,10.0,20.0
2023-01-02 20:18:38.403516+00:00,0.0,12.15,18.0,0.0,2.9647713,0.0,19.9,19.5,148.0,,2.03,18.1,0.0,807.83386,22.4,4.0499997,17.9,1.0,18.4,10.0,20.0
2023-01-02 20:18:38.403594+00:00,0.0,12.15,18.0,0.0,2.9647713,0.0,19.9,19.5,148.0,,1.88,18.1,0.0,807.83386,22.4,4.06,17.9,1.0,18.4,10.0,20.0
2023-01-02 20:18:38.404581+00:00,0.0,12.7,18.0,0.0,2.9644096,0.0,19.9,19.5,148.0,,1.88,18.1,0.0,807.83386,22.4,4.06,17.9,1.0,18.4,10.0,20.0
2023-01-02 20:18:48.394899+00:00,0.0,12.7,18.0,0.0,2.9644096,0.0,19.9,19.5,148.0,,1.88,18.1,0.0,807.83386,22.4,4.06,17.9,1.0,18.4,10.0,20.0
2023-01-02 20:18:48.395335+00:00,0.0,12.7,18.0,0.0,2.9644096,0.0,19.9,19.5,148.0,,1.88,18.1,0.0,807.83386,22.4,4.06,17.9,1.0,18.4,10.0,20.0
2023-01-02 20:18:48.395369+00:00,0.0,12.7,18.0,0.0,2.9644096,0.0,19.9,19.5,148.0,,2.08,18.1,0.0,807.83386,22.4,4.16,17.9,1.0,18.4,10.0,20.0
2023-01-02 20:18:48.395614+00:00,0.0,12.7,18.0,0.0,2.9644096,0.0,19.9,19.5,148.0,,2.08,18.1,0.0,807.83386,22.4,4.16,17.9,1.0,18.4,10.0,20.0
2023-01-02 20:18:48.396001+00:00,0.0,13.139999,18.0,0.0,2.9644096,0.0,19.9,19.5,148.0,,2.08,18.1,0.0,807.83386,22.4,4.16,17.9,1.0,18.4,10.0,20.0
2023-01-02 20:18:48.396290+00:00,0.0,13.139999,18.0,0.0,2.9644096,0.0,19.9,19.5,148.0,,2.08,18.1,0.0,807.83386,22.4,4.16,17.9,1.0,18.4,10.0,20.0
2023-01-02 20:18:58.411145+00:00,0.0,13.139999,18.0,0.0,2.9644096,0.0,19.9,19.5,148.0,,2.08,18.1,0.0,807.83386,22.4,4.2599998,17.9,1.0,18.4,10.0,20.0
2023-01-02 20:18:58.411308+00:00,0.0,13.139999,18.0,0.0,2.9644096,0.0,19.9,19.5,148.0,,2.09,18.1,0.0,807.83386,22.4,4.2599998,17.9,1.0,18.4,10.0,20.0
2023-01-02 20:18:58.411398+00:00,0.0,12.9,18.0,0.0,2.9644096,0.0,19.9,19.5,148.0,,2.09,18.1,0.0,807.83386,22.4,4.2599998,17.9,1.0,18.4,10.0,20.0
2023-01-02 20:18:58.411596+00:00,0.0,12.9,18.0,0.0,2.9647713,0.0,19.9,19.5,148.0,,2.09,18.1,0.0,807.83386,22.4,4.2599998,17.9,1.0,18.4,10.0,20.0
2023-01-02 20:18:58.412282+00:00,0.0,12.9,17.9,0.0,2.9647713,0.0,19.9,19.5,148.0,,2.09,18.1,0.0,807.83386,22.4,4.21,17.9,1.0,18.4,10.0,20.0
2023-01-02 20:18:58.413338+00:00,0.0,12.9,17.9,0.0,2.9647713,0.0,19.9,19.5,148.0,,2.06,18.1,0.0,807.83386,22.4,4.21,17.9,1.0,18.4,10.0,20.0
2023-01-02 20:19:08.404273+00:00,0.0,12.44,17.9,0.0,2.9647713,0.0,19.9,19.5,148.0,,2.06,18.1,0.0,807.83386,22.4,4.21,17.9,1.0,18.4,10.0,20.0
2023-01-02 20:19:08.405122+00:00,0.0,12.44,17.9,0.0,2.9647713,0.0,19.9,19.5,148.0,,2.06,18.1,0.0,807.83386,22.4,4.21,17.9,1.0,18.4,10.0,20.0
2023-01-02 20:19:18.393824+00:00,0.0,12.44,18.0,0.0,2.9644096,0.0,20.0,19.5,148.0,,2.06,18.1,0.0,807.83386,22.4,4.1,17.9,1.0,18.4,10.0,20.0
2023-01-02 20:19:28.392632+00:00,0.0,12.44,18.0,0.0,2.9644096,0.0,20.0,19.5,148.0,,2.24,18.1,0.0,807.83386,22.4,4.1,17.9,1.0,18.4,10.0,20.0
2023-01-02 20:19:28.392761+00:00,0.0,12.44,18.0,0.0,2.9644096,0.0,20.0,19.5,148.0,,2.24,18.1,0.0,807.83386,22.4,4.1,17.9,1.0,18.4,10.0,20.0
2023-01-02 20:19:28.392874+00:00,0.0,11.86,18.0,0.0,2.9644096,0.0,20.0,19.5,148.0,,2.24,18.1,0.0,807.83386,22.4,4.1,17.800001,1.0,18.4,10.0,20.0
2023-01-02 20:19:28.392988+00:00,0.0,11.86,18.0,0.0,2.9644096,0.0,20.0,19.5,148.0,,2.24,18.1,0.0,807.83386,22.4,3.99,17.800001,1.0,18.4,10.0,20.0
2023-01-02 20:19:28.395663+00:00,0.0,11.86,18.0,0.0,2.9644096,0.0,20.0,19.5,148.0,,2.24,18.1,0.0,807.83386,22.4,3.99,17.800001,1.0,18.4,10.0,20.0
2023-01-02 20:19:28.395815+00:00,0.0,11.86,17.9,0.0,2.9644096,0.0,20.0,19.5,148.0,,2.24,18.1,0.0,807.83386,22.4,3.99,17.800001,1.0,18.4,10.0,20.0
2023-01-02 20:19:28.396020+00:00,0.0,11.57,17.9,0.0,2.9644096,0.0,20.0,19.5,148.0,,2.5,18.1,0.0,807.83386,22.4,3.99,17.9,1.0,18.4,10.0,20.0
2023-01-02 20:19:28.396071+00:00,0.0,11.57,17.9,0.0,2.9644096,0.0,20.0,19.5,148.0,,2.5,18.1,0.0,807.83386,22.4,3.9399998,17.9,1.0,18.4,10.0,20.0
2023-01-02 20:19:28.396506+00:00,0.0,11.57,17.9,0.0,2.9644096,0.0,20.0,19.5,149.0,,2.5,18.1,0.0,807.83386,22.4,3.9399998,17.9,1.0,18.4,10.0,20.0
2023-01-02 20:19:28.398097+00:00,0.0,11.57,18.0,0.0,2.9640481,0.0,20.0,19.5,149.0,,2.5,18.1,0.0,807.83386,22.4,3.9399998,17.9,1.0,18.4,10.0,20.0
2023-01-02 20:19:28.398469+00:00,0.0,11.759999,18.0,0.0,2.9640481,0.0,20.0,19.5,149.0,,2.47,18.1,0.0,807.83386,22.4,3.9399998,17.9,1.0,18.4,10.0,20.0
2023-01-02 20:19:28.398693+00:00,0.0,11.759999,18.0,0.0,2.9640481,0.0,20.0,19.5,149.0,,2.47,18.1,0.0,807.83386,22.4,4.0299997,17.9,1.0,18.4,10.0,20.0
2023-01-02 20:19:28.399027+00:00,0.0,11.759999,18.0,0.0,2.9640481,0.0,20.0,19.5,148.0,,2.47,18.1,0.0,807.83386,22.4,4.0299997,17.9,1.0,18.4,10.0,20.0
2023-01-02 20:19:28.400002+00:00,0.0,11.759999,18.0,0.0,2.9604313,0.0,20.0,19.5,148.0,,2.47,18.1,0.0,807.83386,22.4,4.0299997,17.9,1.0,18.4,10.0,20.0
2023-01-02 20:19:28.400053+00:00,0.0,12.3,18.0,0.0,2.9604313,0.0,20.0,19.5,148.0,,2.3799999,18.1,0.0,807.83386,22.4,4.0299997,17.9,1.0,18.4,10.0,20.0
2023-01-02 20:19:28.400104+00:00,0.0,12.3,18.0,0.0,2.9604313,0.0,20.0,19.5,148.0,,2.3799999,18.1,0.0,807.83386,22.4,4.06,17.9,1.0,18.4,10.0,20.0
2023-01-02 20:19:28.400163+00:00,0.0,12.3,18.0,0.0,2.9604313,0.0,20.0,19.5,148.0,,2.3799999,18.1,0.0,807.83386,22.4,4.06,17.9,1.0,18.4,10.0,20.0
2023-01-02 20:19:28.400397+00:00,0.0,12.3,18.0,0.0,2.9604313,0.0,20.0,19.5,148.0,,2.3799999,18.1,0.0,807.83386,22.4,4.06,17.9,1.0,18.4,10.0,20.0
2023-01-02 20:19:28.400464+00:00,0.0,12.82,18.0,0.0,2.9604313,0.0,20.1,19.5,148.0,,2.3799999,18.1,0.0,807.83386,22.4,4.06,17.9,1.0,18.4,10.0,20.0
2023-01-02 20:19:28.400525+00:00,0.0,12.82,18.0,0.0,2.9604313,0.0,20.1,19.5,148.0,,2.23,18.1,0.0,807.83386,22.4,4.11,17.9,1.0,18.4,10.0,20.0
2023-01-02 20:19:28.400576+00:00,0.0,12.82,17.9,0.0,2.9589844,0.0,20.1,19.5,148.0,,2.23,18.1,0.0,807.83386,22.4,4.11,17.9,1.0,18.4,10.0,20.0
2023-01-02 20:19:38.374744+00:00,0.0,12.82,17.9,0.0,2.9589844,0.0,20.1,19.5,148.0,,2.23,18.1,0.0,807.83386,22.4,4.11,17.9,1.0,18.4,10.0,20.0
2023-01-02 20:19:38.374895+00:00,0.0,12.96,17.9,0.0,2.9589844,0.0,20.1,19.5,148.0,,2.23,18.1,0.0,807.83386,22.4,4.11,17.9,1.0,18.4,10.0,20.0
2023-01-02 20:19:38.375019+00:00,0.0,12.96,17.9,0.0,2.9575374,0.0,20.1,19.5,148.0,,2.23,18.1,0.0,807.83386,22.4,4.24,17.9,1.0,18.4,10.0,20.0
2023-01-02 20:19:38.375029+00:00,0.0,12.96,17.9,0.0,2.9575374,0.0,20.1,19.5,148.0,,2.1699998,18.1,0.0,807.83386,22.4,4.24,17.9,1.0,18.4,10.0,20.0
2023-01-02 20:19:38.377259+00:00,0.0,12.96,18.0,0.0,2.9575374,0.0,20.1,19.5,148.0,,2.1699998,18.1,0.0,807.83386,22.4,4.24,17.9,1.0,18.4,10.0,20.0
2023-01-02 20:19:38.377299+00:00,0.0,12.7699995,18.0,0.0,2.9575374,0.0,20.1,19.5,148.0,,2.1699998,18.1,0.0,807.83386,22.4,4.24,17.9,1.0,18.4,10.0,20.0
2023-01-02 20:19:38.377346+00:00,0.0,12.7699995,18.0,0.0,2.9575374,0.0,20.1,19.5,148.0,,2.1699998,18.1,0.0,807.83386,22.4,4.24,17.9,1.0,18.4,10.0,20.0
2023-01-02 20:19:38.377390+00:00,0.0,12.7699995,18.0,0.0,2.9575374,0.0,20.1,19.5,148.0,,1.88,18.1,0.0,807.83386,22.4,4.24,17.9,1.0,18.4,10.0,20.0
2023-01-02 20:19:38.377886+00:00,0.0,12.7699995,18.0,0.0,2.9575374,0.0,20.1,19.5,148.0,,1.88,18.1,0.0,807.83386,22.4,4.29,17.9,1.0,18.4,10.0,20.0
2023-01-02 20:19:38.377927+00:00,0.0,12.84,18.0,0.0,2.9575374,0.0,20.1,19.5,148.0,,1.88,18.1,0.0,807.83386,22.4,4.24,17.9,1.0,18.4,10.0,20.0
2023-01-02 20:19:38.377972+00:00,0.0,12.84,18.0,0.0,2.9575374,0.0,20.1,19.5,148.0,,1.8,18.1,0.0,807.83386,22.4,4.24,17.9,1.0,18.4,10.0,20.0
2023-01-02 20:19:38.378020+00:00,0.0,12.84,18.0,0.0,2.9575374,0.0,20.1,19.5,148.0,,1.8,18.1,0.0,807.83386,22.4,4.1,17.9,1.0,18.4,10.0,20.0
2023-01-02 20:19:38.378282+00:00,0.0,12.84,18.0,0.0,2.9575374,0.0,20.1,19.5,148.0,,1.8,18.1,0.0,807.83386,22.4,4.1,17.9,1.0,18.4,10.0,20.0
2023-01-02 20:19:38.378330+00:00,0.0,12.429999,18.0,0.0,2.9575374,0.0,20.1,19.5,148.0,,1.8,18.1,0.0,807.83386,22.4,4.1,17.9,1.0,18.4,10.0,20.0
2023-01-02 20:19:38.378375+00:00,0.0,12.429999,18.0,0.0,2.9575374,0.0,20.1,19.5,148.0,,1.8,18.1,0.0,807.83386,22.4,4.1,17.9,1.0,18.4,10.0,20.0
2023-01-02 20:19:38.378451+00:00,0.0,12.429999,18.0,0.0,2.9575374,0.0,20.1,19.5,148.0,,1.56,18.1,0.0,807.83386,22.4,4.04,17.9,1.0,18.4,10.0,20.0
2023-01-02 20:19:38.378601+00:00,0.0,12.429999,18.0,0.0,2.9575374,0.0,20.1,19.5,148.0,,1.56,18.1,0.0,807.83386,22.4,4.04,17.9,1.0,18.4,10.0,20.0
2023-01-02 20:19:48.378446+00:00,0.0,11.96,18.0,0.0,2.9575374,0.0,20.1,19.5,148.0,,1.56,18.1,0.0,807.83386,22.4,4.04,17.9,1.0,18.4,10.0,20.0
2023-01-02 20:19:48.378498+00:00,0.0,11.96,18.0,0.0,2.9575374,0.0,20.1,19.5,148.0,,2.12,18.1,0.0,807.83386,22.4,4.04,17.9,1.0,18.4,10.0,20.0
2023-01-02 20:19:48.378544+00:00,0.0,11.96,18.0,0.0,2.9575374,0.0,20.1,19.5,148.0,,2.12,18.1,0.0,807.83386,22.4,4.04,17.9,1.0,18.4,10.0,20.0
2023-01-02 20:19:48.378669+00:00,0.0,11.96,18.0,0.0,2.9575374,0.0,20.1,19.5,148.0,,2.12,18.1,0.0,807.83386,22.4,4.04,17.9,1.0,18.4,10.0,20.0
2023-01-02 20:19:48.378691+00:00,0.0,11.96,18.0,0.0,2.9575374,0.0,20.1,19.5,148.0,,2.12,18.1,0.0,807.83386,22.4,4.04,17.9,1.0,18.4,10.0,20.0
2023-01-02 20:19:48.378754+00:00,0.0,11.96,18.0,0.0,2.9575374,0.0,20.1,19.5,148.0,,2.12,18.1,0.0,807.83386,22.4,4.04,17.9,1.0,18.4,10.0,20.0
2023-01-02 20:19:48.378827+00:00,0.0,11.54,18.0,0.0,2.9575374,0.0,20.1,19.5,148.0,,3.1599998,18.1,0.0,807.83386,22.4,4.04,17.9,1.0,18.4,10.0,20.0
2023-01-02 20:19:48.378873+00:00,0.0,11.65,18.0,0.0,2.9575374,0.0,20.1,19.5,148.0,,3.1599998,18.1,0.0,807.83386,22.4,4.04,17.9,1.0,18.4,10.0,20.0
2023-01-02 20:19:48.378929+00:00,0.0,11.65,18.0,0.0,2.9575374,0.0,20.1,19.5,148.0,,3.1599998,18.1,0.0,807.83386,22.4,4.04,17.9,1.0,18.4,10.0,20.0
2023-01-02 20:19:48.379043+00:00,0.0,12.15,18.0,0.0,2.9575374,0.0,20.1,19.5,148.0,,3.1599998,18.1,0.0,807.83386,22.4,4.04,17.9,1.0,18.4,10.0,20.0
2023-01-02 20:19:48.379079+00:00,0.0,12.15,18.0,0.0,2.9575374,0.0,20.1,19.5,148.0,,3.1599998,18.1,0.0,807.83386,22.4,4.04,17.9,1.0,18.4,10.0,20.0
2023-01-02 20:19:48.379141+00:00,0.0,12.15,18.0,0.0,2.9575374,0.0,20.1,19.5,148.0,,3.1599998,18.1,0.0,807.83386,22.4,4.04,17.9,1.0,18.4,10.0,20.0
2023-01-02 20:19:48.379187+00:00,0.0,12.15,18.0,0.0,2.9575374,0.0,20.1,19.5,148.0,,3.1599998,18.1,0.0,807.83386,22.4,4.04,17.9,1.0,18.4,10.0,20.0
2023-01-02 20:19:48.379325+00:00,0.0,12.15,18.0,0.0,2.9575374,0.0,20.1,19.5,148.0,,3.1599998,18.1,0.0,807.83386,22.4,4.04,17.9,1.0,18.4,10.0,20.0
2023-01-02 20:19:48.379918+00:00,0.0,12.15,18.0,0.0,2.9575374,0.0,20.1,19.5,148.0,,3.1599998,18.1,0.0,807.83386,22.4,4.04,17.9,1.0,18.4,10.0,20.0
2023-01-02 20:19:58.389183+00:00,0.0,12.929999,18.0,0.0,2.9575374,0.0,20.1,19.5,148.0,,3.1599998,18.1,0.0,807.83386,22.4,4.04,17.9,1.0,18.4,10.0,20.0
2023-01-02 20:19:58.389228+00:00,0.0,12.929999,18.0,0.0,2.9575374,0.0,20.1,19.5,148.0,,3.1599998,18.1,0.0,807.83386,22.4,4.04,17.9,1.0,18.4,10.0,20.0
2023-01-02 20:19:58.389303+00:00,0.0,12.929999,18.0,0.0,2.9575374,0.0,20.1,19.5,148.0,,3.1599998,18.1,0.0,807.83386,22.4,4.04,17.9,1.0,18.4,10.0,20.0
2023-01-02 20:19:58.389414+00:00,0.0,12.929999,18.0,0.0,2.9575374,0.0,20.1,19.5,148.0,,3.1599998,18.1,0.0,807.83386,22.4,4.04,17.9,1.0,18.4,10.0,20.0
2023-01-02 20:19:58.389426+00:00,0.0,13.32,18.0,0.0,2.9575374,0.0,20.1,19.5,148.0,,3.1599998,18.1,0.0,807.83386,22.4,4.04,17.9,1.0,18.4,10.0,20.0
2023-01-02 20:19:58.389497+00:00,0.0,13.32,18.0,0.0,2.9575374,0.0,20.1,19.5,148.0,,3.1599998,18.1,0.0,807.83386,22.4,4.04,17.9,1.0,18.4,10.0,20.0
2023-01-02 20:19:58.389512+00:00,0.0,13.32,18.0,0.0,2.9575374,0.0,20.1,19.5,148.0,,3.1599998,18.1,0.0,807.83386,22.4,4.04,17.9,1.0,18.4,10.0,20.0
2023-01-02 20:19:58.389537+00:00,0.0,13.32,18.0,0.0,2.9575374,0.0,20.1,19.5,149.0,,3.1599998,18.1,0.0,807.83386,22.4,4.04,17.9,1.0,18.4,10.0,20.0
2023-01-02 20:19:58.389583+00:00,0.0,13.32,18.0,0.0,2.9575374,0.0,20.1,19.5,148.0,,3.1599998,18.1,0.0,807.83386,22.4,4.04,17.9,1.0,18.4,10.0,20.0
2023-01-02 20:19:58.389641+00:00,0.0,13.32,18.0,0.0,2.9575374,0.0,20.1,19.5,149.0,,3.1599998,18.1,0.0,807.83386,22.4,4.04,17.9,1.0,18.4,10.0,20.0
2023-01-02 20:19:58.389665+00:00,0.0,13.32,18.0,0.0,2.9575374,0.0,20.1,19.5,148.0,,3.1599998,18.1,0.0,807.83386,22.4,4.04,17.9,1.0,18.4,10.0,20.0
2023-01-02 20:19:58.389708+00:00,0.0,13.32,18.0,0.0,2.9575374,0.0,20.1,19.5,149.0,,3.1599998,18.1,0.0,807.83386,22.4,4.04,17.9,1.0,18.4,10.0,20.0
2023-01-02 20:19:58.389732+00:00,0.0,13.32,18.0,0.0,2.9575374,0.0,20.1,19.5,148.0,,3.1599998,18.1,0.0,807.83386,22.4,4.04,17.9,1.0,18.4,10.0,20.0
2023-01-02 20:19:58.389962+00:00,0.0,13.32,18.0,0.0,2.9575374,0.0,20.1,19.5,149.0,,3.1599998,18.1,0.0,807.83386,22.4,4.04,17.9,1.0,18.4,10.0,20.0
2023-01-02 20:19:58.389999+00:00,0.0,13.32,18.0,0.0,2.9575374,0.0,20.1,19.5,148.0,,3.1599998,18.1,0.0,807.83386,22.4,4.04,17.9,1.0,18.4,10.0,20.0
2023-01-02 20:19:58.390064+00:00,0.0,13.32,18.0,0.0,2.9575374,0.0,20.1,19.5,148.0,,3.1599998,18.1,0.0,807.83386,22.4,4.04,17.9,1.0,18.4,10.0,20.0
2023-01-02 20:19:58.390110+00:00,0.0,13.32,18.0,0.0,2.9575374,0.0,20.1,19.5,148.0,,3.1599998,18.1,0.0,807.83386,22.4,4.04,17.9,1.0,18.4,10.0,20.0
2023-01-02 20:19:58.390241+00:00,0.0,13.32,18.0,0.0,2.9575374,0.0,20.1,19.5,148.0,,3.1599998,18.1,0.0,807.83386,22.4,4.04,17.9,1.0,18.4,10.0,20.0
2023-01-02 20:19:58.390252+00:00,0.0,13.32,18.0,0.0,2.9575374,0.0,20.1,19.5,148.0,,3.1599998,18.1,0.0,807.83386,22.4,4.04,17.9,1.0,18.4,10.0,20.0
2023-01-02 20:19:58.390279+00:00,0.0,13.32,18.0,0.0,2.9575374,0.0,20.1,19.5,148.0,,3.1599998,18.1,0.0,807.83386,22.4,4.04,17.9,1.0,18.4,10.0,20.0
2023-01-02 20:19:58.390333+00:00,0.0,13.32,18.0,0.0,2.9575374,0.0,20.1,19.5,148.0,,3.1599998,18.1,0.0,807.83386,22.4,4.04,17.9,1.0,18.4,10.0,20.0
2023-01-02 20:19:58.390365+00:00,0.0,13.32,18.0,0.0,2.9575374,0.0,20.1,19.5,148.0,,3.1599998,18.1,0.0,807.83386,22.4,4.04,17.9,1.0,18.4,10.0,20.0
2023-01-02 20:19:58.396573+00:00,0.0,13.32,18.0,0.0,2.9575374,0.0,20.1,19.5,148.0,,3.1599998,18.1,0.0,807.83386,22.4,4.04,17.9,1.0,18.4,10.0,20.0
2023-01-02 20:19:58.396600+00:00,0.0,13.32,18.0,0.0,2.9575374,0.0,20.1,19.5,148.0,,3.1599998,18.1,0.0,807.83386,22.4,4.04,17.9,1.0,18.4,10.0,20.0
2023-01-02 20:19:58.396614+00:00,0.0,13.32,18.0,0.0,2.9575374,0.0,20.1,19.5,148.0,,3.1599998,18.1,0.0,807.83386,22.4,4.04,17.9,1.0,18.4,10.0,20.0
2023-01-02 20:19:58.396651+00:00,0.0,13.32,18.0,0.0,2.9575374,0.0,20.1,19.5,148.0,,3.1599998,18.1,0.0,807.83386,22.4,4.04,17.9,1.0,18.4,10.0,20.0
2023-01-02 20:19:58.396661+00:00,0.0,13.32,18.0,0.0,2.9575374,0.0,20.1,19.5,148.0,,3.1599998,18.1,0.0,807.83386,22.4,4.04,17.9,1.0,18.4,10.0,20.0
